portal,operacion,url,titulo,tipo_inmueble,barrio,precio_moneda,precio_valor,gastos_comunes,dormitorios,banos,m2
Casasymas,venta,https://www.casasymas.com.uy/propiedad/289675-apartamento-en-alquiler-y-venta-de-2-dormitorios-con-garage-en-barra-de-carrasco-montevideo#venta,"Apartamento en Alquiler y Venta de 2 dormitorios con  Garage en Barra de Carrasco, Montevideo",,Barra de Carrasco,USD,185000,7000,2,1,76
Casasymas,venta,https://www.casasymas.com.uy/propiedad/296939-apartamento-en-venta-de-2-dormitorios-en-punta-carretas-montevideo#venta,"Apartamento en Venta de 2 dormitorios  en Punta Carretas, Montevideo",,Punta Carretas,USD,230000,,2,2,60
Casasymas,venta,https://www.casasymas.com.uy/propiedad/292126-apartamento-en-venta-de-1-dormitorio-en-parque-rodo-montevideo#venta,"Apartamento en Venta de 1 dormitorio  en Parque Rodó, Montevideo",,Parque Rodó,USD,172000,,1,1,57
Casasymas,venta,https://www.casasymas.com.uy/propiedad/296661-apartamento-en-venta-de-1-dormitorio-en-cordon-sur-montevideo#venta,"Apartamento en Venta de 1 dormitorio  en Cordón Sur, Montevideo",,Cordón Sur,USD,129000,,1,1,68
Casasymas,venta,https://www.casasymas.com.uy/propiedad/293232-casa-en-venta-de-4-dormitorios-con-piscina-en-carrasco-montevideo#venta,"Casa en Venta de 4 dormitorios con  Piscina en Carrasco, Montevideo",,Carrasco,USD,830000,,4,4,572
Casasymas,venta,https://www.casasymas.com.uy/propiedad/283941-apartamento-en-venta-de-2-dormitorios-en-centro-montevideo#venta,"Apartamento en Venta de 2 dormitorios  en Centro, Montevideo",,Centro,USD,149000,,2,1,55
Casasymas,venta,https://www.casasymas.com.uy/propiedad/284169-oficina-en-venta-en-cordon-montevideo#venta,"Oficina en Venta  en Cordón, Montevideo",,Cordón,USD,132000,,,1,50
Casasymas,venta,https://www.casasymas.com.uy/propiedad/294381-apartamento-en-venta-de-1-dormitorio-con-piscina-en-la-blanqueada-montevideo#venta,"Apartamento en Venta de 1 dormitorio con  Piscina en La Blanqueada, Montevideo",,La Blanqueada,USD,125000,,1,1,40
Casasymas,venta,https://www.casasymas.com.uy/propiedad/283957-apartamento-en-venta-de-2-dormitorios-con-garage-en-centro-montevideo#venta,"Apartamento en Venta de 2 dormitorios con  Garage en Centro, Montevideo",,Centro,USD,180000,,2,1,63
Casasymas,venta,https://www.casasymas.com.uy/propiedad/283956-apartamento-en-venta-de-1-dormitorio-con-garage-en-centro-montevideo#venta,"Apartamento en Venta de 1 dormitorio con  Garage en Centro, Montevideo",,Centro,USD,137000,,1,1,42
Casasymas,venta,https://www.casasymas.com.uy/propiedad/274084-casa-en-venta-de-5-dormitorios-en-punta-gorda-montevideo#venta,"Casa en Venta de 5 dormitorios  en Punta Gorda, Montevideo",,Punta Gorda,USD,1180000,,5,6,627
Casasymas,venta,https://www.casasymas.com.uy/propiedad/273391-casa-en-venta-de-3-dormitorios-con-piscina-en-carrasco-sur-montevideo#venta,"Casa en Venta de 3 dormitorios con  Piscina en Carrasco Sur, Montevideo",,Carrasco Sur,USD,590000,,3,3,924
Casasymas,venta,https://www.casasymas.com.uy/propiedad/268070-casa-en-venta-de-4-dormitorios-con-garage-en-malvin-montevideo#venta,"Casa en Venta de 4 dormitorios con  Garage en Malvín, Montevideo",,Malvín,USD,495000,,4,3,730
Casasymas,venta,https://www.casasymas.com.uy/propiedad/291706-apartamento-en-venta-de-2-dormitorios-en-cordon-sur-montevideo#venta,"Apartamento en Venta de 2 dormitorios  en Cordón Sur, Montevideo",,Cordón Sur,USD,138000,,2,1,58
Casasymas,venta,https://www.casasymas.com.uy/propiedad/276998-venta-apartamento-tres-dormitorios-patio-en-centro#venta,Venta apartamento tres dormitorios/ Patio en Centro,,Centro,USD,170000,,3,2,154
Casasymas,venta,https://www.casasymas.com.uy/propiedad/285692-casa-en-venta-de-4-dormitorios-en-pocitos-nuevo-montevideo#venta,"Casa en Venta de 4 dormitorios  en Pocitos Nuevo, Montevideo",,Pocitos Nuevo,USD,695000,,4,4,330
Casasymas,venta,https://www.casasymas.com.uy/propiedad/277545-apartamento-en-venta-de-3-dormitorios-con-garage-en-punta-carretas-montevideo#venta,"Apartamento en Venta de 3 dormitorios con  Garage en Punta Carretas, Montevideo",,Punta Carretas,USD,540000,,3,3,167
Casasymas,venta,https://www.casasymas.com.uy/propiedad/286670-apartamento-en-venta-de-3-dormitorios-con-garage-en-pocitos-montevideo#venta,"Apartamento en Venta de 3 dormitorios con  Garage en Pocitos, Montevideo",,Pocitos,USD,330000,,3,2,106
Casasymas,venta,https://www.casasymas.com.uy/propiedad/296773-venta-de-casa-de-3-4-dormitorios-en-punta-gorda-beyrouth-y-ciudad-de-paris#venta,Venta de casa de 3/4 dormitorios en Punta Gorda. Beyrouth y Ciudad de París.,,Punta Gorda,USD,440000,,4,4,235
Casasymas,venta,https://www.casasymas.com.uy/propiedad/275467-apartamento-en-venta-de-2-dormitorios-en-parque-rodo-montevideo#venta,"Apartamento en Venta de 2 dormitorios  en Parque Rodó, Montevideo",,Parque Rodó,USD,165000,,2,1,69
Casasymas,venta,https://www.casasymas.com.uy/propiedad/296446-venta-apartamento-1-dormitorio-con-garaje-en-punta-gorda#venta,Venta apartamento 1 dormitorio con garaje en Punta Gorda,,Malvín,USD,180000,,1,1,35
Casasymas,venta,https://www.casasymas.com.uy/propiedad/294614-venta-de-casa-de-3-dormitorios-mas-servicio-en-punta-gorda-sobre-rambla#venta,Venta de casa de 3 dormitorios más servicio en Punta Gorda . Sobre Rambla.,,Punta Gorda,USD,730000,,3,5,530
Casasymas,venta,https://www.casasymas.com.uy/propiedad/291958-apartamento-en-venta-de-un-dormitorio-en-aguada#venta,Apartamento en venta de un dormitorio en Aguada,,Aguada,USD,83000,,1,1,34
Casasymas,venta,https://www.casasymas.com.uy/propiedad/291792-apartamento-de-un-dormitorio-garaje-box-y-balcon-en-punta-carretas#venta,"Apartamento de un dormitorio, garaje, box y balcón en Punta Carretas",,Punta Carretas,USD,255000,,1,1,54
Casasymas,venta,https://www.casasymas.com.uy/propiedad/294395-venta-apartamento-en-la-blanqueada#venta,Venta Apartamento en La Blanqueada,,La Blanqueada,USD,127000,,2,2,101
Casasymas,venta,https://www.casasymas.com.uy/propiedad/296036-terreno-en-venta-de-449m2-ubicado-en-jardines-hipodromo#venta,Terreno en venta de 449m2 ubicado en Jardines Hipódromo,,Jardines del Hipódromo,USD,200000,,0,,449
Casasymas,venta,https://www.casasymas.com.uy/propiedad/292579-casa-en-venta-c-cochera-en-colon#venta,Casa en venta c/ cochera en Colón,,Colón,USD,87000,,2,1,456
Casasymas,venta,https://www.casasymas.com.uy/propiedad/293634-venta-casa-en-la-blanqueada-con-barbacoa-y-cochera#venta,Venta casa en la blanqueada  con barbacoa y cochera,,La Blanqueada,USD,229000,,2,1,130
Casasymas,venta,https://www.casasymas.com.uy/propiedad/266505-casa-en-venta-de-4-dormitorios-en-pocitos-montevideo#venta,"Casa en Venta de 4 dormitorios  en Pocitos, Montevideo",,Pocitos,USD,495000,,4,4,233
Casasymas,venta,https://www.casasymas.com.uy/propiedad/293635-casa-en-venta-c-cochera-en-prado#venta,Casa en venta c/ cochera en Prado,,Prado,USD,690000,,3,3,300
Casasymas,venta,https://www.casasymas.com.uy/propiedad/288831-apartamento-en-venta-de-3-dormitorios-con-garaje-y-terraza-en-punta-carretas#venta,Apartamento en venta de 3 Dormitorios con Garaje y Terraza en Punta Carretas,,Punta Carretas,USD,460000,,4,3,135
Casasymas,venta,https://www.casasymas.com.uy/propiedad/296434-venta-apartamento-3-dormitorios-pocitos-garage#venta,venta apartamento 3 dormitorios pocitos garage,,Pocitos,USD,320000,,3,2,108
Casasymas,venta,https://www.casasymas.com.uy/propiedad/292488-venta-casa-de-3-dormitorios-y-patio-con-parrillero#venta,Venta Casa De 3 Dormitorios y Patio con Parrillero,,Belvedere,USD,155000,,3,1,124
Casasymas,venta,https://www.casasymas.com.uy/propiedad/283439-venta-casa-de-altos-3-dormitorios-azotea-en-perez-catellanos#venta,Venta casa de altos 3 dormitorios azotea en Perez Catellanos,,Perez Castellanos,USD,99000,,3,1,185
Casasymas,venta,https://www.casasymas.com.uy/propiedad/295539-venta-apartamento-3-dormitorios-garage-doble-pocitos-nuevo-estar-escritorio#venta,venta apartamento 3 dormitorios garage doble pocitos nuevo estar escritorio,,Pocitos Nuevo,USD,760000,,3,4,255
Casasymas,venta,https://www.casasymas.com.uy/propiedad/288768-venta-casa-2-dormitorios-carrasco-norte-jardin-cochera-housing-a-estrenar#venta,Venta casa 2 dormitorios carrasco norte jardin cochera housing a estrenar,,Carrasco Norte,USD,268000,,2,2,82
Casasymas,venta,https://www.casasymas.com.uy/propiedad/287535-venta-casa-2-dormitorios-ph-de-altos-pocitos-nuevo-azotea-con-parrillero#venta,venta casa 2 dormitorios ph de altos pocitos nuevo azotea con parrillero,,Pocitos Nuevo,USD,195000,,2,2,103
Casasymas,venta,https://www.casasymas.com.uy/propiedad/267068-venta-de-casa-duplex-de-3-dorm-detras-del-parque-rivera-proximo-a-servicios#venta,Venta de casa duplex de 3 dorm detrás del Parque Rivera próximo a servicios,,Malvín Norte,USD,65000,,3,1,98
Casasymas,venta,https://www.casasymas.com.uy/propiedad/276326-apartamento-en-venta-de-3-dormitorios-con-garage-en-pocitos-montevideo#venta,"Apartamento en Venta de 3 dormitorios con  Garage en Pocitos, Montevideo",,Pocitos,USD,418000,,3,3,154
Casasymas,venta,https://www.casasymas.com.uy/propiedad/292484-apartamento-venta-de-4-dormitorios-en-centenario-4-a-reformar#venta,Apartamento Venta de 4 dormitorios en Centenario 4 A Reformar,,Villa Española,USD,105000,,4,1,92
Casasymas,venta,https://www.casasymas.com.uy/propiedad/249631-apartamento-en-venta-de-2-dormitorios-con-garage-en-pocitos-montevideo#venta,"Apartamento en Venta de 2 dormitorios con  Garage en Pocitos, Montevideo",,Pocitos,USD,244000,,2,2,64
Casasymas,venta,https://www.casasymas.com.uy/propiedad/282815-casa-en-venta-c-cochera-en-belvedere#venta,Casa en venta c/ cochera en Belvedere,,Belvedere,USD,163000,,3,1,222
Casasymas,venta,https://www.casasymas.com.uy/propiedad/286064-terreno-en-venta-de-527m2-en-carrasco-norte#venta,Terreno en venta de 527m2 en Carrasco Norte,,Carrasco Este,USD,220000,,0,,527
Casasymas,venta,https://www.casasymas.com.uy/propiedad/282807-casa-en-venta-c-cochera-en-carrasco#venta,Casa en venta c/ cochera en Carrasco,,Carrasco,USD,690000,,2,2,360
Casasymas,venta,https://www.casasymas.com.uy/propiedad/247431-casa-en-venta-de-4-dormitorios-en-parque-batlle-montevideo#venta,"Casa en Venta de 4 dormitorios  en Parque Batlle, Montevideo",,Parque Batlle,USD,210000,,4,1,80
Casasymas,venta,https://www.casasymas.com.uy/propiedad/282809-local-comercial-en-venta-ubicado-en-sayago#venta,Local Comercial en venta ubicado en Sayago,,Sayago,USD,174000,,,2,329
Casasymas,venta,https://www.casasymas.com.uy/propiedad/270333-venta-de-terreno-de-421m2-altura-27m-y-100-ocupacion-a-200m-de-18-de-julio#venta,Venta de Terreno de 421m2  Altura 27m y 100% Ocupación A 200m de 18 de Julio.,,Cordón,USD,570000,,0,,421
Casasymas,venta,https://www.casasymas.com.uy/propiedad/283099-apartamento-en-venta-de-2-dormitorios-con-cochera-en-buceo#venta,Apartamento en venta de 2 dormitorios con cochera en Buceo,,Buceo,USD,112000,,2,1,55
Casasymas,venta,https://www.casasymas.com.uy/propiedad/269097-casa-en-venta-c-cochera-en-buceo#venta,Casa en venta c/ cochera en Buceo,,Buceo,USD,310000,,2,2,115
Casasymas,venta,https://www.casasymas.com.uy/propiedad/291836-casa-en-venta-de-2-dormitorios-con-garage-en-jacinto-vera-montevideo#venta,"Casa en Venta de 2 dormitorios con  Garage en Jacinto Vera, Montevideo",,Jacinto Vera,USD,205000,,2,2,203
Casasymas,venta,https://www.casasymas.com.uy/propiedad/219913-casa-en-venta-de-4-dormitorios-con-piscina-en-pocitos-montevideo#venta,"Casa en Venta de 4 dormitorios con  Piscina en Pocitos, Montevideo",,Pocitos,USD,1350000,,4,5,405
Casasymas,venta,https://www.casasymas.com.uy/propiedad/221543-venta-apartamento-3-dormitorios-en-tres-cruces-nostrum-plaza-2#venta,Venta Apartamento 3 Dormitorios en Tres Cruces | Nostrum Plaza 2,,Tres Cruces,USD,194480,,3,1,111
Casasymas,venta,https://www.casasymas.com.uy/propiedad/267379-venta-apartamento-2-dormitorios-planta-baja-jardin-garaje-jardines-de-carrasco#venta,VENTA APARTAMENTO 2 DORMITORIOS PLANTA BAJA JARDIN GARAJE JARDINES DE CARRASCO,,Carrasco,USD,485000,,2,2,151
Casasymas,venta,https://www.casasymas.com.uy/propiedad/232124-apartamento-en-venta-de-1-dormitorio-con-garage-en-pocitos-montevideo#venta,"Apartamento en Venta de 1 dormitorio con  Garage en Pocitos, Montevideo",,Pocitos,USD,193000,,1,1,42
Casasymas,venta,https://www.casasymas.com.uy/propiedad/243760-apartamento-en-venta-de-3-dormitorios-con-garage-en-punta-carretas-montevideo#venta,"Apartamento en Venta de 3 dormitorios con  Garage en Punta Carretas, Montevideo",,Punta Carretas,USD,580000,,3,5,160
Casasymas,venta,https://www.casasymas.com.uy/propiedad/237576-apartamento-en-venta-c-cochera-en-malvin#venta,Apartamento en venta c/ cochera en Malvin,,Malvín,USD,176900,,1,1,77
Casasymas,venta,https://www.casasymas.com.uy/propiedad/291649-casa-en-venta-de-3-dormitorios-con-garage-en-parque-batlle-montevideo#venta,"Casa en Venta de 3 dormitorios con  Garage en Parque Batlle, Montevideo",,Parque Batlle,USD,349000,,3,2,136
Casasymas,venta,https://www.casasymas.com.uy/propiedad/221537-venta-apartamento-2-dormitorios-en-tres-cruces-nostrum-plaza-2#venta,Venta Apartamento 2 Dormitorios en Tres Cruces | Nostrum Plaza 2,,Tres Cruces,USD,162781,,2,1,78
Casasymas,venta,https://www.casasymas.com.uy/propiedad/246044-apartamento-en-venta-de-1-dormitorio-en-pocitos-montevideo#venta,"Apartamento en Venta de 1 dormitorio  en Pocitos, Montevideo",,Pocitos,USD,185000,,1,1,57
Casasymas,venta,https://www.casasymas.com.uy/propiedad/289144-apartamento-en-venta-de-1-dormitorio-en-pocitos-montevideo#venta,"Apartamento en Venta de 1 dormitorio  en Pocitos, Montevideo",,Pocitos,USD,154000,,1,1,40
Casasymas,venta,https://www.casasymas.com.uy/propiedad/286763-apartamento-en-venta-de-1-dormitorio-en-punta-carretas-montevideo#venta,"Apartamento en Venta de 1 dormitorio  en Punta Carretas, Montevideo",,Punta Carretas,USD,205000,,1,1,60
Casasymas,venta,https://www.casasymas.com.uy/propiedad/293862-apartamento-en-venta-de-1-dormitorio-en-aguada-montevideo#venta,"Apartamento en Venta de 1 dormitorio  en Aguada, Montevideo",,Aguada,USD,95000,,1,1,42
Casasymas,venta,https://www.casasymas.com.uy/propiedad/285491-teramo-real-estate-ofrece-en-venta-una-casa-en-regimen-de-propiedad-horizontal-ubicada-en-el-barrio-la-union-sobre-la-calle-dionisio-lopez-y-a-pocos-metros-de-av-italia#venta,"Téramo Real Estate ofrece en venta una casa en régimen de propiedad horizontal, ubicada en el barrio La Unión, sobre la calle Dionisio López y a pocos metros de Av. Italia.",,Unión,USD,220000,,3,2,103
Casasymas,venta,https://www.casasymas.com.uy/propiedad/295233-venta-apartamento-2-dormitorios-2-banos-garaje-en-pocitos#venta,"VENTA APARTAMENTO 2 DORMITORIOS, 2 BAÑOS, GARAJE EN POCITOS",,Pocitos,USD,305000,,2,2,68
Casasymas,venta,https://www.casasymas.com.uy/propiedad/283038-oficina-en-venta-de-2-ambientes-en-cordon-montevideo#venta,"Oficina en Venta de 2 ambientes  en Cordón, Montevideo",,Cordón,USD,65000,,,1,32
Casasymas,venta,https://www.casasymas.com.uy/propiedad/238569-apartamento-en-venta-de-1-dormitorio-en-cordon-montevideo#venta,"Apartamento en Venta de 1 dormitorio  en Cordón, Montevideo",,Cordón,USD,125000,,1,1,46
Casasymas,venta,https://www.casasymas.com.uy/propiedad/292914-venta-de-apartamento-monoambiente-en-prado-con-terraza-al-frente-opcional-garage#venta,Venta de apartamento Monoambiente en Prado con Terraza al frente opcional Garage,,Prado,USD,98500,,0,1,28
Casasymas,venta,https://www.casasymas.com.uy/propiedad/292900-venta-de-apartamento-1-dormitorio-en-prado-con-balcon-al-frente-a-estrenar#venta,Venta de apartamento 1 dormitorio en Prado con balcón al frente A estrenar,,Prado,USD,158000,,1,1,55
Casasymas,venta,https://www.casasymas.com.uy/propiedad/286764-apartamento-en-venta-de-1-dormitorio-con-garage-en-pocitos-montevideo#venta,"Apartamento en Venta de 1 dormitorio con  Garage en Pocitos, Montevideo",,Pocitos,USD,230000,,1,1,50
Casasymas,venta,https://www.casasymas.com.uy/propiedad/286132-venta-local-comercial-en-la-comercial#venta,VENTA LOCAL COMERCIAL EN LA COMERCIAL,,La Comercial,USD,118000,,,1,110
Casasymas,venta,https://www.casasymas.com.uy/propiedad/252471-apartamento-en-venta-de-3-dormitorios-en-carrasco-montevideo#venta,"Apartamento en Venta de 3 dormitorios  en Carrasco, Montevideo",,Carrasco,USD,495000,,3,3,
Casasymas,venta,https://www.casasymas.com.uy/propiedad/266901-casa-en-venta-de-3-dormitorios-en-parque-batlle-montevideo#venta,"Casa en Venta de 3 dormitorios  en Parque Batlle, Montevideo",,Parque Batlle,USD,268000,,3,2,215
Casasymas,venta,https://www.casasymas.com.uy/propiedad/291081-casa-en-brazo-oriental-con-gran-terreno-y-excelente-potencial#venta,Casa en Brazo Oriental con gran terreno y excelente potencial,,Brazo Oriental,USD,235000,,3,2,524
Casasymas,venta,https://www.casasymas.com.uy/propiedad/188915-venta-apartamento-2-dormitorios-a-estrenar-en-buceo#venta,Venta Apartamento 2 Dormitorios A Estrenar En Buceo,,Buceo,USD,276000,,2,2,90
Casasymas,venta,https://www.casasymas.com.uy/propiedad/261995-casa-en-venta-de-4-dormitorios-en-prado-montevideo#venta,"Casa en Venta de 4 dormitorios  en Prado, Montevideo",,Prado,USD,398000,,4,3,266
Casasymas,venta,https://www.casasymas.com.uy/propiedad/272240-apartamento-en-venta-de-1-dormitorio-en-pocitos-montevideo#venta,"Apartamento en Venta de 1 dormitorio  en Pocitos, Montevideo",,Pocitos,USD,160000,,1,1,59
Casasymas,venta,https://www.casasymas.com.uy/propiedad/258515-apartamento-en-venta-de-4-dormitorios-con-garage-en-punta-carretas-montevideo#venta,"Apartamento en Venta de 4 dormitorios con  Garage en Punta Carretas, Montevideo",,Punta Carretas,USD,760000,,4,3,225
Casasymas,venta,https://www.casasymas.com.uy/propiedad/279811-apartamento-en-venta-de-3-dormitorios-con-garage-en-centro-montevideo#venta,"Apartamento en Venta de 3 dormitorios con  Garage en Centro, Montevideo",,Centro,USD,279000,,3,2,168
Casasymas,venta,https://www.casasymas.com.uy/propiedad/265429-apartamento-en-venta-de-1-dormitorio-en-pocitos-nuevo-montevideo#venta,"Apartamento en Venta de 1 dormitorio  en Pocitos Nuevo, Montevideo",,Pocitos Nuevo,USD,160000,,1,1,37
Casasymas,venta,https://www.casasymas.com.uy/propiedad/291980-casa-en-venta-de-1-dormitorio-en-tres-cruces-montevideo#venta,"Casa en Venta de 1 dormitorio  en Tres Cruces, Montevideo",,Tres Cruces,USD,129000,,1,1,117
Casasymas,venta,https://www.casasymas.com.uy/propiedad/189203-venta-apartamento-2-dormitorios-a-estrenar-en-malvin#venta,Venta Apartamento 2 Dormitorios A Estrenar En Malvin,,Malvín,USD,164408,,2,1,76
Casasymas,venta,https://www.casasymas.com.uy/propiedad/244747-loft-de-71-m2-a-estrenar-frente-a-plaza-varela-con-cochera-sin-gastos-de-ocupacion#venta,Loft de 71 m2 a estrenar frente a Plaza Varela. Con cochera. Sin gastos de ocupación!,,Pocitos,USD,210000,,0,1,71
Casasymas,venta,https://www.casasymas.com.uy/propiedad/286949-venta-apartamento-2-dormitorios-palermo-acepta-banco#venta,Venta Apartamento 2 Dormitorios Palermo Acepta Banco,,Palermo,USD,139500,,2,1,72
Casasymas,venta,https://www.casasymas.com.uy/propiedad/295581-apartamento-en-venta-de-2-dormitorios-en-tres-cruces-montevideo#venta,"Apartamento en Venta de 2 dormitorios  en Tres Cruces, Montevideo",,Tres Cruces,USD,145000,,2,1,56
Casasymas,venta,https://www.casasymas.com.uy/propiedad/263001-venta-apartamento-3-dormitorios-malvin-gran-patio-58m2-parrillero-2-garajes-indep-constr-solida#venta,Venta Apartamento 3 Dormitorios Malvin - Gran patio 58m2 + Parrillero - 2 Garajes indep. - Constr. sólida,,Malvín,USD,349000,,3,2,154
Casasymas,venta,https://www.casasymas.com.uy/propiedad/265421-apartamento-en-venta-de-1-dormitorio-en-punta-carretas-montevideo#venta,"Apartamento en Venta de 1 dormitorio  en Punta Carretas, Montevideo",,Punta Carretas,USD,130000,,1,1,37
Casasymas,venta,https://www.casasymas.com.uy/propiedad/291609-apartamento-en-venta-de-1-dormitorio-en-malvin-montevideo#venta,"Apartamento en Venta de 1 dormitorio  en Malvín, Montevideo",,Malvín,USD,85000,,1,1,52
Casasymas,venta,https://www.casasymas.com.uy/propiedad/271695-nuevo-precio-casa-en-padron-unico-en-cordon-proxima-a-tres-cruces#venta,NUEVO PRECIO Casa en Padrón Único en Cordón Próxima a Tres Cruces,,Cordón Norte,USD,123000,,1,2,96
Casasymas,venta,https://www.casasymas.com.uy/propiedad/275094-casa-en-venta-de-3-dormitorios-en-carrasco-montevideo#venta,"Casa en Venta de 3 dormitorios  en Carrasco, Montevideo",,Carrasco,USD,440000,,3,2,306
Casasymas,venta,https://www.casasymas.com.uy/propiedad/296994-apartamento-en-venta-de-3-dormitorios-con-garage-en-centro-montevideo#venta,"Apartamento en Venta de 3 dormitorios con  Garage en Centro, Montevideo",,Centro,USD,188000,,3,2,71
Casasymas,venta,https://www.casasymas.com.uy/propiedad/297489-apartamento-en-venta-c-cochera-en-pocitos#venta,Apartamento en venta c/ cochera en Pocitos,,Pocitos,USD,520000,,4,4,188
Casasymas,venta,https://www.casasymas.com.uy/propiedad/291899-venta-local-comercial-camino-de-los-horneros#venta,Venta local comercial Camino de los Horneros,,San Nicolás,USD,550000,,,,2.940
Casasymas,venta,https://www.casasymas.com.uy/propiedad/291220-casa-en-venta-de-2-dormitorios-con-garage-en-cordon-montevideo#venta,"Casa en Venta de 2 dormitorios con  Garage en Cordón, Montevideo",,Cordón,USD,250000,,2,2,140
Casasymas,venta,https://www.casasymas.com.uy/propiedad/291121-apartamento-en-alquiler-y-venta-de-2-dormitorios-con-garage-en-jardines-de-carrasco-montevideo#venta,"Apartamento en Alquiler y Venta de 2 dormitorios con  Garage en Jardines de Carrasco, Montevideo",,Jardines de Carrasco,USD,430000,15500,2,2,169
Casasymas,venta,https://www.casasymas.com.uy/propiedad/265431-apartamento-en-venta-monoambiente-en-malvin-montevideo#venta,"Apartamento en Venta Monoambiente  en Malvín, Montevideo",,Malvín,USD,105000,,0,1,24
Casasymas,venta,https://www.casasymas.com.uy/propiedad/70888-apartamento-en-venta-de-2-dormitorios-con-garage-en-punta-carretas-montevideo#venta,"Apartamento en Venta de 2 dormitorios con  Garage en Punta Carretas, Montevideo",,Punta Carretas,USD,300000,,2,1,89
Casasymas,venta,https://www.casasymas.com.uy/propiedad/292430-casa-en-venta-de-5-dormitorios-con-garage-en-prado-montevideo#venta,"Casa en Venta de 5 dormitorios con  Garage en Prado, Montevideo",,Prado,USD,575000,,5,3,320
Casasymas,venta,https://www.casasymas.com.uy/propiedad/284256-casa-en-venta-de-3-dormitorios-en-puerto-del-buceo-montevideo#venta,"Casa en Venta de 3 dormitorios  en Puerto del Buceo, Montevideo",,Puerto del Buceo,USD,248000,,3,2,128
Casasymas,venta,https://www.casasymas.com.uy/propiedad/291284-apartamento-en-venta-monoambiente-con-garage-en-tres-cruces-montevideo#venta,"Apartamento en Venta Monoambiente con  Garage en Tres Cruces, Montevideo",,Tres Cruces,USD,123900,,0,1,40
Casasymas,venta,https://www.casasymas.com.uy/propiedad/290929-apartamento-en-venta-de-2-dormitorios-con-garage-en-punta-gorda-montevideo#venta,"Apartamento en Venta de 2 dormitorios con  Garage en Punta Gorda, Montevideo",,Punta Gorda,USD,235000,,2,1,56
Casasymas,venta,https://www.casasymas.com.uy/propiedad/270592-apartamento-en-venta-de-3-dormitorios-con-garage-en-pocitos-montevideo#venta,"Apartamento en Venta de 3 dormitorios con  Garage en Pocitos, Montevideo",,Pocitos,USD,365000,,3,3,143
Casasymas,venta,https://www.casasymas.com.uy/propiedad/295728-casa-en-venta-de-3-dormitorios-en-montevideo-montevideo#venta,"Casa en Venta de 3 dormitorios  en Montevideo, Montevideo",,Montevideo,USD,160000,,3,2,141
Casasymas,venta,https://www.casasymas.com.uy/propiedad/287242-apartamento-en-venta-de-3-dormitorios-en-tres-cruces#venta,Apartamento en venta de 3 dormitorios en Tres Cruces,,Tres Cruces,USD,150000,,3,1,68
Casasymas,venta,https://www.casasymas.com.uy/propiedad/296396-apartamento-en-venta-de-3-dormitorios-con-piscina-en-punta-carretas-montevideo#venta,"Apartamento en Venta de 3 dormitorios con  Piscina en Punta Carretas, Montevideo",,Punta Carretas,USD,1320000,,3,3,339
Casasymas,venta,https://www.casasymas.com.uy/propiedad/284209-padron-unico-con-2-viviendas-independientes-apta-banco#venta,Padrón Único Con 2 Viviendas Independientes | Apta Banco,,Nuevo París,USD,127000,,4,2,510
Casasymas,venta,https://www.casasymas.com.uy/propiedad/295644-apartamento-en-venta-de-3-dormitorios-con-garage-en-pocitos-montevideo#venta,"Apartamento en Venta de 3 dormitorios con  Garage en Pocitos, Montevideo",,Pocitos,USD,279000,,3,2,
Casasymas,venta,https://www.casasymas.com.uy/propiedad/284508-apartamento-de-3-dormitorios-con-garaje-en-aguada-sobre-avenida-libertador#venta,"Apartamento de 3 Dormitorios con Garaje, en Aguada, sobre Avenida Libertador",,Aguada,USD,174900,,3,2,111
Casasymas,venta,https://www.casasymas.com.uy/propiedad/295017-venta-casa-padron-unico-cordon-ideal-vivienda-local-comercial-o-uso-mixto-con-garaje-y-azotea#venta,Venta Casa Padrón Único Cordón Ideal Vivienda Local Comercial o Uso Mixto con Garaje Y Azotea,,Cordón Sur,USD,148000,,4,1,92
Casasymas,venta,https://www.casasymas.com.uy/propiedad/269553-nuevo-precio-apartamento-2-dormitorios-con-balcon-en-canelones-ideal-inversion#venta,¡NUEVO PRECIO! Apartamento 2 dormitorios con balcón en Canelones ideal inversión,,Centro,USD,119000,,2,1,56
Casasymas,venta,https://www.casasymas.com.uy/propiedad/288660-venta-de-apartamento-de-2-dormitorios-con-renta-en-buceo-58-de-retorno-anual-neto#venta,"Venta de apartamento de 2 dormitorios con renta en Buceo – 5,8% de retorno anual neto",,Buceo,USD,99000,,2,1,52
Casasymas,venta,https://www.casasymas.com.uy/propiedad/269849-apartamento-planta-baja-con-patio-exclusivo-ciudad-vieja#venta,Apartamento planta baja con patio exclusivo Ciudad Vieja,,Ciudad Vieja,USD,75000,,1,1,47
Casasymas,venta,https://www.casasymas.com.uy/propiedad/269136-casa-en-venta-de-5-dormitorios-con-garage-en-punta-gorda-montevideo#venta,"Casa en Venta de 5 dormitorios con  Garage en Punta Gorda, Montevideo",,Punta Gorda,USD,650000,,5,,730
Casasymas,venta,https://www.casasymas.com.uy/propiedad/253550-local-en-alquiler-y-venta-en-centro-montevideo#venta,"Local en Alquiler y Venta  en Centro, Montevideo",,Centro,USD,138000,9000,,2,273
Casasymas,venta,https://www.casasymas.com.uy/propiedad/273708-apartamento-en-venta-de-3-dormitorios-en-pocitos-montevideo#venta,"Apartamento en Venta de 3 dormitorios  en Pocitos, Montevideo",,Pocitos,USD,235000,,3,2,98
Casasymas,venta,https://www.casasymas.com.uy/propiedad/283028-apartamento-en-venta-de-1-dormitorio-en-cordon-montevideo#venta,"Apartamento en Venta de 1 dormitorio  en Cordón, Montevideo",,Cordón,USD,135000,,1,1,46
Casasymas,venta,https://www.casasymas.com.uy/propiedad/155127-venta-apartamento-3-dormitorios-a-estrenar-con-piscina-en-punta-carretas-bilu-biarritz#venta,Venta Apartamento 3 Dormitorios A Estrenar con Piscina en Punta Carretas | Bilu Biarritz,,Punta Carretas,USD,510590,,3,4,200
Casasymas,venta,https://www.casasymas.com.uy/propiedad/293526-apartamento-en-venta-c-cochera-en-barrio-golf#venta,Apartamento en venta c/ cochera en Barrio Golf,,Montevideo,USD,460000,,2,4,146
Casasymas,venta,https://www.casasymas.com.uy/propiedad/264170-venta-de-apartamento-de-2-dormitorios-con-terraza-parrillero-exclusivo-y-excelente-calidad#venta,"Venta de apartamento de 2 dormitorios con terraza,  parrillero exclusivo y excelente calidad",,Buceo,USD,203820,,2,2,71
Casasymas,venta,https://www.casasymas.com.uy/propiedad/267596-casa-en-venta-de-5-dormitorios-en-puerto-del-buceo-montevideo#venta,"Casa en Venta de 5 dormitorios  en Puerto del Buceo, Montevideo",,Puerto del Buceo,USD,960000,,5,5,270
Casasymas,venta,https://www.casasymas.com.uy/propiedad/276274-edificio-comercial-en-el-centro#venta,Edificio Comercial en el Centro,,Centro,USD,1170000,,0,,
Casasymas,venta,https://www.casasymas.com.uy/propiedad/285687-venta-apartamento-2-dormitorios-con-garaje-buceo-proximo-a-wtc-ya-alquilado#venta,Venta Apartamento 2 Dormitorios Con Garaje Buceo Próximo A WTC Ya Alquilado,,Buceo,USD,180000,,2,1,54
Casasymas,venta,https://www.casasymas.com.uy/propiedad/296398-casa-en-venta-de-3-dormitorios-en-prado-montevideo#venta,"Casa en Venta de 3 dormitorios  en Prado, Montevideo",,Prado,USD,359000,,3,4,220
Casasymas,venta,https://www.casasymas.com.uy/propiedad/292344-casa-en-venta-de-4-dormitorios-con-piscina-en-carrasco-sur-montevideo#venta,"Casa en Venta de 4 dormitorios con  Piscina en Carrasco Sur, Montevideo",,Carrasco Sur,USD,1600000,,4,3,888
Casasymas,venta,https://www.casasymas.com.uy/propiedad/248854-casa-en-venta-de-3-dormitorios-con-piscina-y-garage-en-carrasco-montevideo#venta,"Casa en Venta de 3 dormitorios con Piscina y Garage en Carrasco, Montevideo",,Carrasco,USD,650000,,3,3,652
Casasymas,venta,https://www.casasymas.com.uy/propiedad/271296-venta-de-apartamento-1-dormitorio-en-pocitos#venta,Venta de Apartamento 1 dormitorio en Pocitos,,Punta Carretas,USD,178500,,1,1,52
Casasymas,venta,https://www.casasymas.com.uy/propiedad/268757-espectacular-casa-en-venta-con-piscina-en-carrasco#venta,Espectacular Casa en venta con piscina en Carrasco,,Carrasco,USD,870000,,4,4,1.005
Casasymas,venta,https://www.casasymas.com.uy/propiedad/270243-apartamento-en-venta-de-3-dormitorios-con-garage-en-pocitos-nuevo-montevideo#venta,"Apartamento en Venta de 3 dormitorios con  Garage en Pocitos Nuevo, Montevideo",,Pocitos Nuevo,USD,430000,,3,3,132
Casasymas,venta,https://www.casasymas.com.uy/propiedad/257874-apartamento-en-venta-de-4-dormitorios-en-centro-montevideo#venta,"Apartamento en Venta de 4 dormitorios  en Centro, Montevideo",,Centro,USD,228000,,4,3,192
Casasymas,venta,https://www.casasymas.com.uy/propiedad/166257-casa-en-venta-de-5-dormitorios-con-piscina-en-san-nicolas-montevideo#venta,"Casa en Venta de 5 dormitorios con  Piscina en San Nicolás, Montevideo",,San Nicolás,USD,1300000,,5,5,755
Casasymas,venta,https://www.casasymas.com.uy/propiedad/268139-espectacular-apartamento-en-panamericano#venta,Espectacular Apartamento en Panamericano,,Montevideo,USD,495000,,3,3,136
Casasymas,venta,https://www.casasymas.com.uy/propiedad/270768-apartamento-en-venta-de-3-dormitorios-con-garage-en-pocitos-montevideo#venta,"Apartamento en Venta de 3 dormitorios con  Garage en Pocitos, Montevideo",,Pocitos,USD,365000,,3,3,233
Casasymas,venta,https://www.casasymas.com.uy/propiedad/280165-apartamento-en-venta-de-4-dormitorios-con-garage-en-punta-gorda-montevideo#venta,"Apartamento en Venta de 4 dormitorios con  Garage en Punta Gorda, Montevideo",,Punta Gorda,USD,750000,,4,5,192
Casasymas,venta,https://www.casasymas.com.uy/propiedad/277549-venta-barrio-sur-casa-ph-independiente-impecable-reciclada-3-dormitorios#venta,Venta Barrio Sur Casa ph independiente impecable reciclada 3 dormitorios,,Barrio Sur,USD,198000,,4,1,132
Casasymas,venta,https://www.casasymas.com.uy/propiedad/289025-venta-casa-3-dormitorios-3-banos-piscina-en-carrasco-norte#venta,VENTA CASA 3 dormitorios 3 baños piscina en Carrasco Norte,,Carrasco Norte,USD,445000,,3,3,679
Casasymas,venta,https://www.casasymas.com.uy/propiedad/274369-espectacular-monoambiente-en-cordon#venta,Espectacular Monoambiente en Cordón,,Cordón,USD,122800,,0,1,94
Casasymas,venta,https://www.casasymas.com.uy/propiedad/283373-venta-monoambiente-amueblado-y-equipado-en-pocitos-nuevo#venta,Venta monoambiente amueblado y equipado en Pocitos Nuevo,,Pocitos Nuevo,USD,128000,,0,1,27
Casasymas,venta,https://www.casasymas.com.uy/propiedad/285953-venta-gran-apartamento-frente-al-puerto-del-buceo#venta,Venta Gran apartamento frente al Puerto del Buceo.,,Puerto del Buceo,USD,1250000,37000,3,4,250
Casasymas,venta,https://www.casasymas.com.uy/propiedad/268211-oportunidad-torres-nauticas-c-gge-inversion#venta,Oportunidad Torres Náuticas c/ Gge Inversión,,Puerto del Buceo,USD,248000,,2,1,62
Casasymas,venta,https://www.casasymas.com.uy/propiedad/262950-casa-en-carrasco-en-venta-de-3-dormitorios-patio-con-parrillero-en-senda-lancasteriana#venta,"Casa en Carrasco en venta de 3 dormitorios, Patio con parrillero, en Senda Lancasteriana",,Carrasco,USD,320000,,3,3,91
Casasymas,venta,https://www.casasymas.com.uy/propiedad/151944-venta-apartamento-1-dormitorio-en-rambla-de-carrasco-bilu-riviera#venta,Venta Apartamento 1 Dormitorio en Rambla de Carrasco | Bilú Riviera,,Carrasco,USD,299000,,1,1,105
Casasymas,venta,https://www.casasymas.com.uy/propiedad/286798-casa-en-venta-de-4-dormitorios-con-piscina-en-montevideo-montevideo#venta,"Casa en Venta de 4 dormitorios con  Piscina en Montevideo, Montevideo",,Montevideo,USD,1350000,,4,5,390
Casasymas,venta,https://www.casasymas.com.uy/propiedad/286903-apartamento-en-venta-de-3-dormitorios-con-garage-en-pocitos-montevideo#venta,"Apartamento en Venta de 3 dormitorios con  Garage en Pocitos, Montevideo",,Pocitos,USD,548000,,3,3,188
Casasymas,venta,https://www.casasymas.com.uy/propiedad/294763-apartamento-en-venta-de-2-dormitorios-en-carrasco-montevideo#venta,"Apartamento en Venta de 2 dormitorios  en Carrasco, Montevideo",,Carrasco,USD,850000,,2,4,278
Casasymas,venta,https://www.casasymas.com.uy/propiedad/275426-venta-housing-a-estrenar-2-dormitorios-con-jardin-propio-cochera-en-carrasco-norte-casa#venta,VENTA Housing a estrenar 2 dormitorios con jardín propio cochera en Carrasco Norte  casa,,Carrasco Norte,USD,268000,,2,2,82
Casasymas,venta,https://www.casasymas.com.uy/propiedad/239758-apartamento-en-venta-de-1-dormitorio-en-la-blanqueada-montevideo#venta,"Apartamento en Venta de 1 dormitorio  en La Blanqueada, Montevideo",,La Blanqueada,USD,85000,,1,1,42
Casasymas,venta,https://www.casasymas.com.uy/propiedad/283513-venta-apartamento-en-pocitos#venta,Venta Apartamento en Pocitos,,Pocitos,USD,120000,,1,1,40
Casasymas,venta,https://www.casasymas.com.uy/propiedad/291087-venta-padron-unico-2-casas-union#venta,Venta Padrón Único 2 Casas - Unión,,Unión,USD,160000,,3,2,284
Casasymas,venta,https://www.casasymas.com.uy/propiedad/264171-venta-de-apartamento-de-1-dormitorio-con-terraza-y-parrillero-exclusivo-en-buceo#venta,Venta de apartamento de 1 dormitorio con terraza y Parrillero exclusivo en Buceo,,Buceo,USD,158240,,1,1,73
Casasymas,venta,https://www.casasymas.com.uy/propiedad/285817-venta-apartamento-3-dormitorios-carrasco-2-garajes-terraza-de-100-mts-1-dorm-de-servicio#venta,"Venta Apartamento 3 Dormitorios Carrasco, 2 Garajes, Terraza De 100 Mts + 1 Dorm De Servicio",,Carrasco,USD,750000,,3,4,280
Casasymas,venta,https://www.casasymas.com.uy/propiedad/272779-venta-casa-de-estilo-6-dormitorios-jardin-y-piscina-en-pocitos#venta,"Venta casa de estilo 6 dormitorios, jardín y piscina en Pocitos",,Pocitos,USD,1350000,,6,5,494
Casasymas,venta,https://www.casasymas.com.uy/propiedad/198843-casa-en-venta-de-6-dormitorios-en-ciudad-vieja-montevideo#venta,"Casa en Venta de 6 dormitorios  en Ciudad Vieja, Montevideo",,Ciudad Vieja,USD,335,,6,3,280
Casasymas,venta,https://www.casasymas.com.uy/propiedad/252637-casa-en-alquiler-y-venta-de-4-dormitorios-con-piscina-en-carrasco-sur-montevideo#venta,"Casa en Alquiler y Venta de 4 dormitorios con  Piscina en Carrasco Sur, Montevideo",,Carrasco Sur,USD,850000,,4,3,680
Casasymas,venta,https://www.casasymas.com.uy/propiedad/230464-casa-en-venta-de-4-dormitorios-en-malvin-montevideo#venta,"Casa en Venta de 4 dormitorios  en Malvín, Montevideo",,Malvín,USD,270000,,4,2,104
Casasymas,venta,https://www.casasymas.com.uy/propiedad/249869-apartamento-en-venta-de-3-dormitorios-con-piscina-y-garage-en-punta-carretas-montevideo#venta,"Apartamento en Venta de 3 dormitorios con Piscina y Garage en Punta Carretas, Montevideo",,Punta Carretas,USD,438000,,3,4,153
Casasymas,venta,https://www.casasymas.com.uy/propiedad/273435-casa-en-venta-de-3-dormitorios-en-atahualpa-montevideo#venta,"Casa en Venta de 3 dormitorios  en Atahualpa, Montevideo",,Atahualpa,USD,265000,,3,1,166
Casasymas,venta,https://www.casasymas.com.uy/propiedad/256315-casa-en-venta-de-5-dormitorios-en-prado-montevideo#venta,"Casa en Venta de 5 dormitorios  en Prado, Montevideo",,Prado,USD,680000,,5,3,1.570
Casasymas,venta,https://www.casasymas.com.uy/propiedad/273942-casa-en-venta-de-2-dormitorios-en-carrasco-norte-montevideo#venta,"Casa en Venta de 2 dormitorios  en Carrasco Norte, Montevideo",,Carrasco Norte,USD,380000,,2,2,366
Casasymas,venta,https://www.casasymas.com.uy/propiedad/233913-venta-casa-de-altos-6-dormitorios-azotea-con-parrillero#venta,VENTA CASA DE ALTOS 6 DORMITORIOS AZOTEA CON PARRILLERO,,Reducto,USD,180000,,6,2,200
Casasymas,venta,https://www.casasymas.com.uy/propiedad/264169-venta-de-apartamento-de-2-dormitorios-con-patio-terraza-con-parrillero-exclusivo-y-excelente-calida#venta,"Venta de apartamento de 2 dormitorios con patio, terraza con parrillero exclusivo y excelente cálida",,Buceo,USD,231240,,2,2,116
Casasymas,venta,https://www.casasymas.com.uy/propiedad/262934-casa-en-carrasco-en-venta-de-2-dormitorios-patio-con-parrillero-en-senda-lancasteriana#venta,"Casa en Carrasco en venta de 2 dormitorios, Patio con parrillero, en Senda Lancasteriana",,Carrasco,USD,290000,,2,3,85
Casasymas,venta,https://www.casasymas.com.uy/propiedad/296449-oportunidad-de-inversion-monoambiente-a-la-venta-con-renta-zona-cordon#venta,"Oportunidad de inversion, monoambiente a la venta ""Con Renta"", zona Cordon",,Cordón,USD,102500,,0,1,39
Casasymas,venta,https://www.casasymas.com.uy/propiedad/258276-venta-de-edificio-de-4-plantas-ideal-oficinas#venta,Venta de Edificio de 4 plantas ideal oficinas,,Centro,USD,890000,,,9,1.003
Casasymas,venta,https://www.casasymas.com.uy/propiedad/264650-apartamento-en-venta-4-dormitorios-en-pocitos#venta,Apartamento En Venta 4 dormitorios en Pocitos,,Pocitos,USD,225000,,3,2,
Casasymas,venta,https://www.casasymas.com.uy/propiedad/249061-casa-en-venta-de-2-dormitorios-con-garage-en-malvin-norte-montevideo#venta,"Casa en Venta de 2 dormitorios con  Garage en Malvín Norte, Montevideo",,Malvín Norte,USD,133000,,2,1,73
Casasymas,venta,https://www.casasymas.com.uy/propiedad/258137-apartamento-en-venta-de-3-dormitorios-con-piscina-y-garage-en-malvin-montevideo#venta,"Apartamento en Venta de 3 dormitorios con Piscina y Garage en Malvín, Montevideo",,Malvín,USD,560000,,3,3,125
Casasymas,venta,https://www.casasymas.com.uy/propiedad/266160-apartamento-en-venta-c-garage-en-malvin#venta,Apartamento en venta c/ garage en Malvin,,Malvín,USD,457000,,3,3,108
Casasymas,venta,https://www.casasymas.com.uy/propiedad/253682-edificio-multiuso-de-571-m2-en-venta-en-zona-ciudad-vieja#venta,"Edificio multiuso de 571 M2, en venta, en zona Ciudad Vieja",,Ciudad Vieja,USD,589000,,0,,571
Casasymas,venta,https://www.casasymas.com.uy/propiedad/264165-venta-de-monoambiente-con-terraza-en-buceo#venta,Venta de monoambiente con terraza en Buceo,,Buceo,USD,90128,,0,1,32
Casasymas,venta,https://www.casasymas.com.uy/propiedad/255308-venta-apartamento-amplio-de-estilo-3-dormitorios-en-el-centro#venta,Venta apartamento amplio de estilo 3 dormitorios en el Centro,,Centro,USD,228000,,3,3,172
Casasymas,venta,https://www.casasymas.com.uy/propiedad/285131-apartamento-en-parque-rodo#venta,Apartamento en Parque Rodó,,Parque Rodó,USD,169000,,2,1,70
Casasymas,venta,https://www.casasymas.com.uy/propiedad/276779-casa-carrasco-norte-proximo-a-colegios#venta,CASA CARRASCO NORTE PROXIMO A COLEGIOS,,Carrasco Norte,USD,600000,,3,2,624
Casasymas,venta,https://www.casasymas.com.uy/propiedad/239767-apartamento-en-venta-de-3-dormitorios-en-cordon-montevideo#venta,"Apartamento en Venta de 3 dormitorios  en Cordón, Montevideo",,Cordón,USD,180000,,3,1,92
Casasymas,venta,https://www.casasymas.com.uy/propiedad/266574-apartamento-en-venta-de-3-dormitorios-en-cordon-montevideo#venta,"Apartamento en Venta de 3 dormitorios  en Cordón, Montevideo",,Cordón,USD,169500,,3,2,73
Casasymas,venta,https://www.casasymas.com.uy/propiedad/277647-chacra-en-venta-de-3-dormitorios-en-colon-montevideo#venta,"Chacra en Venta de 3 dormitorios  en Colón, Montevideo",,Colón,USD,455000,,3,2,
Casasymas,venta,https://www.casasymas.com.uy/propiedad/229071-casa-en-venta-de-8-dormitorios-en-punta-carretas-montevideo#venta,"Casa en Venta de 8 dormitorios  en Punta Carretas, Montevideo",,Punta Carretas,USD,680000,,8,5,344
Casasymas,venta,https://www.casasymas.com.uy/propiedad/290866-casa-padron-unico-venta-prado-montevideo-imasuy-l#venta,Casa Padrón Único Venta Prado Montevideo iMas.uy L *,,Montevideo,USD,310002,,5,3,297
Casasymas,venta,https://www.casasymas.com.uy/propiedad/282093-apartamento-en-venta-de-2-dormitorios-en-la-blanqueada-montevideo#venta,"Apartamento en Venta de 2 dormitorios  en La Blanqueada, Montevideo",,La Blanqueada,USD,190076,,2,1,75
Casasymas,venta,https://www.casasymas.com.uy/propiedad/261242-venta-de-monoambiente-con-terraza-en-buceo#venta,Venta de monoambiente con terraza en Buceo,,Buceo,USD,93568,,0,1,33
Casasymas,venta,https://www.casasymas.com.uy/propiedad/270852-casa-en-venta-en-buceo-3-dormitorios-c-cochera#venta,Casa en venta en Buceo 3 dormitorios c/ cochera,,Buceo,USD,395000,,3,3,257
Casasymas,venta,https://www.casasymas.com.uy/propiedad/287599-casa-venta-padron-unico-sayago-montevideo-imasuy-mc#venta,Casa Venta Padrón Único Sayago Montevideo iMas.uy MC *,,Sayago,USD,165000,,3,1,476
Casasymas,venta,https://www.casasymas.com.uy/propiedad/232143-venta-oficina-ciudad-vieja#venta,VENTA OFICINA CIUDAD VIEJA,,Ciudad Vieja,USD,87000,,,2,100
Casasymas,venta,https://www.casasymas.com.uy/propiedad/223814-venta-apartamento-2-dormitorios-punta-carretas-con-cochera#venta,VENTA APARTAMENTO 2 DORMITORIOS PUNTA CARRETAS CON COCHERA,,Punta Carretas,USD,395000,,2,2,100
Casasymas,venta,https://www.casasymas.com.uy/propiedad/253263-apartamento-en-venta-de-1-dormitorio-con-garage-en-pocitos-montevideo#venta,"Apartamento en Venta de 1 dormitorio con  Garage en Pocitos, Montevideo",,Pocitos,USD,210000,,1,2,48
Casasymas,venta,https://www.casasymas.com.uy/propiedad/272509-casa-en-venta-de-12-dormitorios-en-cordon-montevideo#venta,"Casa en Venta de 12 dormitorios  en Cordón, Montevideo",,Cordón,USD,990000,,12,5,466
Casasymas,venta,https://www.casasymas.com.uy/propiedad/253333-casa-en-venta-de-4-dormitorios-con-piscina-en-prado-montevideo#venta,"Casa en Venta de 4 dormitorios con  Piscina en Prado, Montevideo",,Prado,USD,670000,,4,4,700
Casasymas,venta,https://www.casasymas.com.uy/propiedad/249002-venta-local-comercial-aguada#venta,Venta Local Comercial Aguada,,Aguada,USD,280000,,,,314
Casasymas,venta,https://www.casasymas.com.uy/propiedad/274766-casa-en-venta-de-4-dormitorios-con-garage-en-brazo-oriental-montevideo#venta,"Casa en Venta de 4 dormitorios con  Garage en Brazo Oriental, Montevideo",,Brazo Oriental,USD,279000,,4,2,185
Casasymas,venta,https://www.casasymas.com.uy/propiedad/243618-terreno-de-503-m-en-venta-en-pocitos#venta,"Terreno de 503 m² En Venta, en Pocitos",,Pocitos,USD,1490000,,0,,503
Casasymas,venta,https://www.casasymas.com.uy/propiedad/243236-casa-en-venta-de-4-dormitorios-en-barrio-sur-montevideo#venta,"Casa en Venta de 4 dormitorios  en Barrio Sur, Montevideo",,Barrio Sur,USD,360000,,4,4,300
Casasymas,venta,https://www.casasymas.com.uy/propiedad/252313-venta-apartamento-de-3-dormitorios-servicio-y-garage-en-punta-carretas#venta,"Venta Apartamento de 3 dormitorios, Servicio y Garage en Punta Carretas",,Punta Carretas,USD,398000,,3,3,114
Casasymas,venta,https://www.casasymas.com.uy/propiedad/253269-venta-1-dormitorio-en-cordon-soho-ventura-up-town-oportunidad-destacada#venta,VENTA 1 dormitorio en Cordón Soho Ventura Up Town Oportunidad destacada,,Cordón,USD,100000,,1,1,478
Casasymas,venta,https://www.casasymas.com.uy/propiedad/228563-venta-apartamento-de-1-dorm-a-estrenar-centro#venta,"VENTA APARTAMENTO DE 1 DORM A ESTRENAR, CENTRO",,Centro,USD,171450,,1,1,85
Casasymas,venta,https://www.casasymas.com.uy/propiedad/269191-avita-gard#venta,Avita Gard,,Aguada,USD,97066,,0,,31
Casasymas,venta,https://www.casasymas.com.uy/propiedad/294127-apartamento-en-venta-de-3-dormitorios-en-carrasco-montevideo#venta,"Apartamento en Venta de 3 dormitorios  en Carrasco, Montevideo",,Carrasco,USD,490000,,3,3,160
Casasymas,venta,https://www.casasymas.com.uy/propiedad/292736-venta-casa-4-dormitorios-en-carrasco#venta,VENTA CASA 4 DORMITORIOS EN CARRASCO,,Carrasco,USD,1290000,,4,4,637
Casasymas,venta,https://www.casasymas.com.uy/propiedad/269201-avita-gard#venta,Avita Gard,,Aguada,USD,167308,,2,1,60
Casasymas,venta,https://www.casasymas.com.uy/propiedad/269194-avita-gard#venta,Avita Gard,,Aguada,USD,142450,,1,1,38
Casasymas,venta,https://www.casasymas.com.uy/propiedad/273988-propiedad-con-renta-activa-ideal-para-inversores-montevideo-ref6256#venta,Propiedad con renta activa - Ideal para inversores! Montevideo Ref:6256,,Unión,USD,185000,,8,3,397
Casasymas,venta,https://www.casasymas.com.uy/propiedad/262402-apartamento-en-venta-de-3-dormitorios-con-piscina-en-parques-barrio-jardin-montevideo#venta,"Apartamento en Venta de 3 dormitorios con  Piscina en Parques Barrio Jardín, Montevideo",,Parques Barrio Jardín,USD,870000,,3,3,232
Casasymas,venta,https://www.casasymas.com.uy/propiedad/286137-casa-en-venta-de-4-dormitorios-con-garage-en-parque-batlle-montevideo#venta,"Casa en Venta de 4 dormitorios con  Garage en Parque Batlle, Montevideo",,Parque Batlle,USD,535000,,4,3,239
Casasymas,venta,https://www.casasymas.com.uy/propiedad/260768-local-en-venta-en-union-montevideo#venta,"Local en Venta  en Unión, Montevideo",,Unión,USD,135000,,,2,146
Casasymas,venta,https://www.casasymas.com.uy/propiedad/252735-apartamento-en-venta-de-2-dormitorios-en-prado-montevideo#venta,"Apartamento en Venta de 2 dormitorios  en Prado, Montevideo",,Prado,USD,120000,,2,1,55
Casasymas,venta,https://www.casasymas.com.uy/propiedad/193689-venta-de-casa-con-renta-2-dormitorios-con-garage-y-gran-terreno-en-penarol#venta,Venta de casa CON RENTA !!! 2 dormitorios con garage y gran terreno en Peñarol.,,Peñarol,USD,135000,,2,1,549
Casasymas,venta,https://www.casasymas.com.uy/propiedad/173269-apartamento-en-venta-de-1-dormitorio-con-garage-en-centro-montevideo#venta,"Apartamento en Venta de 1 dormitorio con  Garage en Centro, Montevideo",,Centro,USD,140000,,1,1,55
Casasymas,venta,https://www.casasymas.com.uy/propiedad/277962-apartamento-en-venta-de-3-dormitorios-con-piscina-y-garage-en-carrasco-montevideo#venta,"Apartamento en Venta de 3 dormitorios con Piscina y Garage en Carrasco, Montevideo",,Carrasco,USD,630000,,3,2,471
Casasymas,venta,https://www.casasymas.com.uy/propiedad/282363-casa-en-alquiler-y-venta-de-6-dormitorios-con-piscina-en-barrio-sur-montevideo#venta,"Casa en Alquiler y Venta de 6 dormitorios con  Piscina en Barrio Sur, Montevideo",,Barrio Sur,USD,990000,,6,6,4.700
Casasymas,venta,https://www.casasymas.com.uy/propiedad/290409-apartamento-en-venta-de-2-dormitorios-en-buceo-montevideo#venta,"Apartamento en Venta de 2 dormitorios  en Buceo, Montevideo",,Buceo,USD,149000,,2,1,47
Casasymas,venta,https://www.casasymas.com.uy/propiedad/243358-casa-en-venta-c-cochera-en-paso-de-la-arena#venta,Casa en venta c/ cochera en Paso de la Arena,,Paso de la Arena,USD,68000,,3,1,107
Casasymas,venta,https://www.casasymas.com.uy/propiedad/212249-venta-apartamento-1-dormitorio-la-blanqueada#venta,Venta Apartamento 1 Dormitorio La Blanqueada,,La Blanqueada,USD,123900,,1,1,51
Casasymas,venta,https://www.casasymas.com.uy/propiedad/239088-apartamento-en-venta-de-4-dormitorios-con-garage-en-carrasco-montevideo#venta,"Apartamento en Venta de 4 dormitorios con  Garage en Carrasco, Montevideo",,Carrasco,USD,795000,,4,2,199
Casasymas,venta,https://www.casasymas.com.uy/propiedad/295664-apartamento-en-venta-de-3-dormitorios-con-garage-en-punta-carretas-montevideo#venta,"Apartamento en Venta de 3 dormitorios con  Garage en Punta Carretas, Montevideo",,Punta Carretas,USD,510000,,3,3,166
Casasymas,venta,https://www.casasymas.com.uy/propiedad/239414-apartamento-en-venta-de-2-dormitorios-en-buceo-montevideo#venta,"Apartamento en Venta de 2 dormitorios  en Buceo, Montevideo",,Buceo,USD,330000,,2,2,82
Casasymas,venta,https://www.casasymas.com.uy/propiedad/274990-casa-en-venta-de-5-dormitorios-con-piscina-y-garage-en-carrasco-montevideo#venta,"Casa en Venta de 5 dormitorios con Piscina y Garage en Carrasco, Montevideo",,Carrasco,USD,1950000,,5,7,1.935
Casasymas,venta,https://www.casasymas.com.uy/propiedad/293361-venta-de-apartamento-de-1-dormitorio-amoblado-patio-parrillero-y-garage-en-punta-carretas#venta,"Venta de Apartamento de 1 dormitorio amoblado, patio, parrillero y garage en Punta Carretas",,Punta Carretas,USD,340000,,1,2,84
Casasymas,venta,https://www.casasymas.com.uy/propiedad/282300-casa-en-alquiler-de-4-dormitorios-en-la-mejor-zona-de-carrasco-sur#venta,Casa en alquiler de  4 dormitorios en la mejor zona de Carrasco Sur,,Carrasco,USD,1600000,,4,4,888
Casasymas,venta,https://www.casasymas.com.uy/propiedad/283754-apartamento-en-venta-de-2-dormitorios-con-piscina-y-garage-en-punta-carretas-montevideo#venta,"Apartamento en Venta de 2 dormitorios con Piscina y Garage en Punta Carretas, Montevideo",,Punta Carretas,USD,380000,,2,2,82
Casasymas,venta,https://www.casasymas.com.uy/propiedad/286292-casa-en-venta-de-4-dormitorios-con-garage-en-punta-carretas-montevideo#venta,"Casa en Venta de 4 dormitorios con  Garage en Punta Carretas, Montevideo",,Punta Carretas,USD,475000,,4,3,161
Casasymas,venta,https://www.casasymas.com.uy/propiedad/238239-apartamento-en-venta-de-3-dormitorios-en-carrasco-montevideo#venta,"Apartamento en Venta de 3 dormitorios  en Carrasco, Montevideo",,Carrasco,USD,595000,,3,2,118
Casasymas,venta,https://www.casasymas.com.uy/propiedad/255548-apartamento-en-venta-de-2-dormitorios-con-garage-en-buceo-montevideo#venta,"Apartamento en Venta de 2 dormitorios con  Garage en Buceo, Montevideo",,Buceo,USD,325000,,2,2,70
Casasymas,venta,https://www.casasymas.com.uy/propiedad/294167-casa-en-venta-de-3-dormitorios-en-cordon-montevideo#venta,"Casa en Venta de 3 dormitorios  en Cordón, Montevideo",,Cordón,USD,179000,,3,1,120
Casasymas,venta,https://www.casasymas.com.uy/propiedad/288862-venta-casa-4-dormitorios-servicio-completo-jardines-de-carrasco-ref-2281#venta,Venta Casa 4 dormitorios + servicio completo Jardines de Carrasco - Ref 2281,,Jardines de Carrasco,USD,1300000,,4,4,348
Casasymas,venta,https://www.casasymas.com.uy/propiedad/199169-casa-en-venta-de-4-dormitorios-con-garage-en-belvedere-montevideo#venta,"Casa en Venta de 4 dormitorios con  Garage en Belvedere, Montevideo",,Belvedere,USD,170000,,4,2,239
Casasymas,venta,https://www.casasymas.com.uy/propiedad/212637-casa-en-venta-de-2-dormitorios-en-belvedere#venta,"Casa en venta de 2 dormitorios, en Belvedere",,Belvedere,USD,139000,,2,2,131
Casasymas,venta,https://www.casasymas.com.uy/propiedad/72450-apartamento-en-venta-de-3-dormitorios-con-garage-en-punta-carretas-montevideo#venta,"Apartamento en Venta de 3 dormitorios con  Garage en Punta Carretas, Montevideo",,Punta Carretas,USD,425000,,3,3,137
Casasymas,venta,https://www.casasymas.com.uy/propiedad/273139-casa-en-venta-y-alquiler-carrasco#venta,Casa en Venta y Alquiler Carrasco,,Carrasco,USD,790000,,4,4,331
Casasymas,venta,https://www.casasymas.com.uy/propiedad/262646-apartamento-en-venta-de-1-dormitorio-a-estrenar-en-punta-carretas-montevideo#venta,"Apartamento en venta de 1 dormitorio, a estrenar, en Punta Carretas, Montevideo",,Punta Carretas,USD,205000,,1,1,70
Casasymas,venta,https://www.casasymas.com.uy/propiedad/288019-apartamento-en-venta-de-4-dormitorios-en-carrasco-montevideo#venta,"Apartamento en Venta de 4 dormitorios  en Carrasco, Montevideo",,Carrasco,USD,1390000,,4,4,649
Casasymas,venta,https://www.casasymas.com.uy/propiedad/274960-casa-en-venta-de-4-dormitorios-con-garage-en-san-nicolas-montevideo#venta,"Casa en Venta de 4 dormitorios con  Garage en San Nicolás, Montevideo",,San Nicolás,USD,925000,,4,3,283
Casasymas,venta,https://www.casasymas.com.uy/propiedad/265675-casa-en-venta-de-3-dormitorios-con-piscina-en-parques-barrio-jardin-montevideo#venta,"Casa en Venta de 3 dormitorios con  Piscina en Parques Barrio Jardín, Montevideo",,Parques Barrio Jardín,USD,1195000,,3,4,275
Casasymas,venta,https://www.casasymas.com.uy/propiedad/277259-casa-de-4-dormitorios-con-piscina-en-venta-en-carrasco#venta,"Casa de 4 dormitorios con piscina en venta, en Carrasco",,Carrasco,USD,990000,,4,5,353
Casasymas,venta,https://www.casasymas.com.uy/propiedad/282541-casa-de-tres-dormitorios-en-venta-en-punta-carretas-con-garaje#venta,Casa de tres dormitorios en venta en Punta Carretas con garaje,,Punta Carretas,USD,368000,,3,2,152
Casasymas,venta,https://www.casasymas.com.uy/propiedad/285398-venta-de-penthouse-2-dormitorios-sobre-rambla-ohiggins-en-malvin#venta,Venta de Penthouse 2 dormitorios sobre Rambla O'Higgins en Malvín,,Malvín,USD,850000,,2,3,238
Casasymas,venta,https://www.casasymas.com.uy/propiedad/265412-apartamento-en-venta-1-dormitorio-en-el-centro-montevideo-met-city#venta,"Apartamento en venta, 1 dormitorio en el Centro, Montevideo. MET City",,Centro,USD,140215,,1,1,51
Casasymas,venta,https://www.casasymas.com.uy/propiedad/212428-dufort-green-vivi-en-el-prado-vivi-sustentable#venta,"Dufort Green: Vivi En El Prado, Vivi Sustentable",,Prado,USD,165000,,2,1,69
Casasymas,venta,https://www.casasymas.com.uy/propiedad/240577-apartamento-en-venta-de-1-dormitorio-en-tres-cruces-montevideo#venta,"Apartamento en Venta de 1 dormitorio  en Tres Cruces, Montevideo",,Tres Cruces,USD,135000,,1,1,49
Casasymas,venta,https://www.casasymas.com.uy/propiedad/262665-apartamento-en-venta-de-1-dormitorio-a-estrenar-en-punta-carretas-montevideo#venta,"Apartamento en venta de 1 dormitorio, a estrenar, en Punta Carretas, Montevideo",,Punta Carretas,USD,245000,,1,1,53
Casasymas,alquiler,https://www.casasymas.com.uy/propiedad/63033-apartamento-en-alquiler-de-1-dormitorio-con-garage-en-pocitos-montevideo#alquiler,"Apartamento en Alquiler de 1 dormitorio con  Garage en Pocitos, Montevideo",,Desde,USD,1400,6000,1,1,120
Casasymas,alquiler,https://www.casasymas.com.uy/propiedad/287262-apartamento-en-alquiler-de-2-dormitorios-en-union-montevideo#alquiler,"Apartamento en Alquiler de 2 dormitorios  en Unión, Montevideo",,Unión,USD,549,1500,2,1,60
Casasymas,alquiler,https://www.casasymas.com.uy/propiedad/289675-apartamento-en-alquiler-y-venta-de-2-dormitorios-con-garage-en-barra-de-carrasco-montevideo#alquiler,"Apartamento en Alquiler y Venta de 2 dormitorios con  Garage en Barra de Carrasco, Montevideo",,Barra de Carrasco,USD,757,7000,2,1,76
Casasymas,alquiler,https://www.casasymas.com.uy/propiedad/287258-apartamento-en-alquiler-de-2-dormitorios-con-piscina-en-pocitos-montevideo#alquiler,"Apartamento en Alquiler de 2 dormitorios con  Piscina en Pocitos, Montevideo",,Pocitos,USD,1074,8000,2,2,75
Casasymas,alquiler,https://www.casasymas.com.uy/propiedad/291848-alquiler-penthouse-estrena-pocitos-con-muebles-full2-dorm-2-banosproxrambla-de-montevideocon-garage#alquiler,ALQUILER Penthouse Estrena Pocitos Con Muebles FULL2 dorm 2 baños.Prox.Rambla de Montevideo.con garage,,Pocitos,USD,1790,9900,2,2,120
Casasymas,alquiler,https://www.casasymas.com.uy/propiedad/268284-apartamento-en-alquiler-monoambiente-con-garage-en-tres-cruces-montevideo#alquiler,"Apartamento en Alquiler Monoambiente con  Garage en Tres Cruces, Montevideo",,Tres Cruces,USD,611,2700,0,1,33
Casasymas,alquiler,https://www.casasymas.com.uy/propiedad/292441-apartamento-en-alquiler-de-1-dormitorio-en-centro-montevideo#alquiler,"Apartamento en Alquiler de 1 dormitorio  en Centro, Montevideo",,Centro,USD,659,4000,1,1,40
Casasymas,alquiler,https://www.casasymas.com.uy/propiedad/289262-apartamento-en-alquiler-de-2-dormitorios-en-cordon-montevideo#alquiler,"Apartamento en Alquiler de 2 dormitorios  en Cordón, Montevideo",,Cordón,USD,806,6052,2,1,70
Casasymas,alquiler,https://www.casasymas.com.uy/propiedad/287835-apartamento-en-alquiler-de-1-dormitorio-en-ciudad-vieja-montevideo#alquiler,"Apartamento en Alquiler de 1 dormitorio  en Ciudad Vieja, Montevideo",,Ciudad Vieja,USD,488,2500,1,1,42
Casasymas,alquiler,https://www.casasymas.com.uy/propiedad/296051-oficina-en-alquiler-en-prado-montevideo#alquiler,"Oficina en Alquiler  en Prado, Montevideo",,Prado,USD,1026,,,1,90
Casasymas,alquiler,https://www.casasymas.com.uy/propiedad/288755-alquiler-casa-2-dormitorios-carrasco-norte-a-estrenar-ph-jardin#alquiler,ALQUILER CASA 2 DORMITORIOS CARRASCO NORTE A ESTRENAR PH JARDIN,,Carrasco Norte,USD,1221,3200,2,2,82
Casasymas,alquiler,https://www.casasymas.com.uy/propiedad/289741-apartamento-en-alquiler-de-1-dormitorio-con-piscina-y-garage-en-cordon-montevideo#alquiler,"Apartamento en Alquiler de 1 dormitorio con Piscina y Garage en Cordón, Montevideo",,Cordón,USD,672,4000,1,1,40
Casasymas,alquiler,https://www.casasymas.com.uy/propiedad/292226-alquiler-apartamento-de-2-dormitorios-en-ituzaingo#alquiler,Alquiler Apartamento De 2 Dormitorios En Ituzaingo,,Ituzaingó,USD,501,2600,2,1,52
Casasymas,alquiler,https://www.casasymas.com.uy/propiedad/274163-apartamento-en-alquiler-de-2-dormitorios-en-barrio-sur-montevideo#alquiler,"Apartamento en Alquiler de 2 dormitorios  en Barrio Sur, Montevideo",,Barrio Sur,USD,720,12000,2,1,45
Casasymas,alquiler,https://www.casasymas.com.uy/propiedad/259440-alquiler-local-omercial-empresa-o-deposito-170-m2-3-plantas-galicia-y-ejido#alquiler,"ALQUILER Local omercial, empresa o depósito, 170 m2,  3 plantas, Galicia y Ejido",,Cordón,USD,806,1300,,1,170
Casasymas,alquiler,https://www.casasymas.com.uy/propiedad/295662-apartamento-en-alquiler-de-2-dormitorios-en-centro-montevideo#alquiler,"Apartamento en Alquiler de 2 dormitorios  en Centro, Montevideo",,Centro,USD,730,5000,2,1,53
Casasymas,alquiler,https://www.casasymas.com.uy/propiedad/269099-casa-en-alquiler-c-cochera-en-buceo#alquiler,Casa en alquiler c/ cochera en Buceo,,Buceo,USD,1465,,2,2,115
Casasymas,alquiler,https://www.casasymas.com.uy/propiedad/298043-alquiler-casa-4-dormitorios-pocitos-garage-patio-impecable#alquiler,alquiler casa 4 dormitorios pocitos garage patio impecable,,Pocitos,USD,3200,,4,3,186
Casasymas,alquiler,https://www.casasymas.com.uy/propiedad/289511-apartamento-en-alquiler-de-1-dormitorio-en-pocitos-montevideo#alquiler,"Apartamento en Alquiler de 1 dormitorio  en Pocitos, Montevideo",,Pocitos,USD,562,1800,1,1,52
Casasymas,alquiler,https://www.casasymas.com.uy/propiedad/294838-apartamento-en-alquiler-monoambiente-en-cordon-montevideo#alquiler,"Apartamento en Alquiler Monoambiente  en Cordón, Montevideo",,Cordón,USD,586,3400,0,1,37
Casasymas,alquiler,https://www.casasymas.com.uy/propiedad/287093-alquiler-apartamento-2-dormitorios-con-balcon-en-la-blanqueada#alquiler,Alquiler apartamento 2 dormitorios con balcón en La Blanqueada,,La Blanqueada,USD,635,4000,2,1,55
Casasymas,alquiler,https://www.casasymas.com.uy/propiedad/293896-apartamento-en-alquiler-de-3-dormitorios-con-garage-en-punta-carretas-montevideo#alquiler,"Apartamento en Alquiler de 3 dormitorios con  Garage en Punta Carretas, Montevideo",,Punta Carretas,USD,1700,23000,3,3,99
Casasymas,alquiler,https://www.casasymas.com.uy/propiedad/286779-apartamento-en-alquiler-de-1-dormitorio-con-garage-en-punta-carretas-montevideo#alquiler,"Apartamento en Alquiler de 1 dormitorio con  Garage en Punta Carretas, Montevideo",,Punta Carretas,USD,1350,6900,1,1,45
Casasymas,alquiler,https://www.casasymas.com.uy/propiedad/288867-apartamento-1-dormitorio-al-frente-con-vista-panoramica-punta-carretas#alquiler,Apartamento 1 dormitorio al frente con vista panorámica Punta Carretas,,Punta Carretas,USD,513,5000,1,1,28
Casasymas,alquiler,https://www.casasymas.com.uy/propiedad/222951-apartamento-en-alquiler-de-2-dormitorios-con-garage-en-pocitos-montevideo#alquiler,"Apartamento en Alquiler de 2 dormitorios con  Garage en Pocitos, Montevideo",,Desde,USD,2500,9450,2,2,120
Casasymas,alquiler,https://www.casasymas.com.uy/propiedad/286280-apartamento-en-alquiler-de-1-dormitorio-en-parque-rodo#alquiler,Apartamento en alquiler de 1 dormitorio en Parque Rodo,,Parque Rodó,USD,708,4000,1,,48
Casasymas,alquiler,https://www.casasymas.com.uy/propiedad/275207-apartamento-en-alquiler-de-4-dormitorios-con-garage-en-puerto-del-buceo-montevideo#alquiler,"Apartamento en Alquiler de 4 dormitorios con  Garage en Puerto del Buceo, Montevideo",,Puerto del Buceo,USD,2393,24000,4,3,150
Casasymas,alquiler,https://www.casasymas.com.uy/propiedad/286773-apartamento-en-alquiler-de-2-dormitorios-con-piscina-y-garage-en-puerto-del-buceo-montevideo#alquiler,"Apartamento en Alquiler de 2 dormitorios con Piscina y Garage en Puerto del Buceo, Montevideo",,Puerto del Buceo,USD,2790,21400,2,3,80
Casasymas,alquiler,https://www.casasymas.com.uy/propiedad/287489-apartamento-en-alquiler-de-4-dormitorios-con-piscina-en-puerto-del-buceo-montevideo#alquiler,"Apartamento en Alquiler de 4 dormitorios con  Piscina en Puerto del Buceo, Montevideo",,Puerto del Buceo,USD,5100,40,4,5,210
Casasymas,alquiler,https://www.casasymas.com.uy/propiedad/292402-local-en-alquiler-en-aguada-montevideo#alquiler,"Local en Alquiler  en Aguada, Montevideo",,Aguada,USD,977,,,1,385
Casasymas,alquiler,https://www.casasymas.com.uy/propiedad/289512-apartamento-en-alquiler-de-2-dormitorios-en-parque-rodo-montevideo#alquiler,"Apartamento en Alquiler de 2 dormitorios  en Parque Rodó, Montevideo",,Parque Rodó,USD,1990,6900,2,2,93
Casasymas,alquiler,https://www.casasymas.com.uy/propiedad/286759-alquiler-de-oficina-en-el-centro-6-oficinas-2-banos#alquiler,"Alquiler de oficina en el Centro, 6 oficinas, 2 baños.",,Centro,USD,1319,,,,
Casasymas,alquiler,https://www.casasymas.com.uy/propiedad/285856-apartamento-en-alquiler-monoambiente-en-pocitos-montevideo#alquiler,"Apartamento en Alquiler Monoambiente  en Pocitos, Montevideo",,Pocitos,USD,537,4000,0,1,35
Casasymas,alquiler,https://www.casasymas.com.uy/propiedad/254067-apartamento-en-alquiler-en-centro#alquiler,Apartamento en alquiler en Centro,,Centro,USD,574,8200,1,1,75
Casasymas,alquiler,https://www.casasymas.com.uy/propiedad/291809-casa-en-alquiler-de-1-dormitorio-con-garage-en-carrasco-norte-montevideo#alquiler,"Casa en Alquiler de 1 dormitorio con  Garage en Carrasco Norte, Montevideo",,Carrasco Norte,USD,952,,1,1,120
Casasymas,alquiler,https://www.casasymas.com.uy/propiedad/285870-alquiler-pent-house-rambla-pocitos-2-dorm-con-garage#alquiler,ALQUILER PENT HOUSE RAMBLA POCITOS 2 DORM CON GARAGE,,Pocitos,USD,1800,,2,3,118
Casasymas,alquiler,https://www.casasymas.com.uy/propiedad/269632-apartamento-en-alquiler-de-2-dormitorios-en-pocitos-montevideo#alquiler,"Apartamento en Alquiler de 2 dormitorios  en Pocitos, Montevideo",,Pocitos,USD,1197,10000,2,1,58
Casasymas,alquiler,https://www.casasymas.com.uy/propiedad/288357-oficina-en-alquiler-en-ciudad-vieja-montevideo#alquiler,"Oficina en Alquiler  en Ciudad Vieja, Montevideo",,Ciudad Vieja,USD,5250,37000,,10,807
Casasymas,alquiler,https://www.casasymas.com.uy/propiedad/292181-apartamento-en-alquiler-de-1-dormitorio-en-tres-cruces-montevideo#alquiler,"Apartamento en Alquiler de 1 dormitorio  en Tres Cruces, Montevideo",,Tres Cruces,USD,632,3131,1,1,42
Casasymas,alquiler,https://www.casasymas.com.uy/propiedad/292179-apartamento-en-alquiler-monoambiente-en-aguada-montevideo#alquiler,"Apartamento en Alquiler Monoambiente  en Aguada, Montevideo",,Aguada,USD,464,3200,0,1,32
Casasymas,alquiler,https://www.casasymas.com.uy/propiedad/295580-apartamento-en-alquiler-de-1-dormitorio-en-cordon-montevideo#alquiler,"Apartamento en Alquiler de 1 dormitorio  en Cordón, Montevideo",,Cordón,USD,513,1850,1,1,37
Casasymas,alquiler,https://www.casasymas.com.uy/propiedad/295942-apartamento-en-alquiler-de-1-dormitorio-con-piscina-en-punta-carretas-montevideo#alquiler,"Apartamento en Alquiler de 1 dormitorio con  Piscina en Punta Carretas, Montevideo",,Punta Carretas,USD,708,6100,1,1,32
Casasymas,alquiler,https://www.casasymas.com.uy/propiedad/169566-apartamento-en-alquiler-de-2-dormitorios-en-carrasco-montevideo#alquiler,"Apartamento en Alquiler de 2 dormitorios  en Carrasco, Montevideo",,Carrasco,USD,757,,2,1,30
Casasymas,alquiler,https://www.casasymas.com.uy/propiedad/292886-apartamento-en-alquiler-de-1-dormitorio-en-pocitos-montevideo#alquiler,"Apartamento en Alquiler de 1 dormitorio  en Pocitos, Montevideo",,Pocitos,USD,684,3500,1,1,58
Casasymas,alquiler,https://www.casasymas.com.uy/propiedad/294915-alquiler-apartamento-de-dos-dormitorios-en-cordon#alquiler,alquiler apartamento de dos dormitorios en cordon,,Cordón,USD,781,6256,2,1,58
Casasymas,alquiler,https://www.casasymas.com.uy/propiedad/294149-casa-en-alquiler-de-4-dormitorios-con-garage-en-punta-carretas-montevideo#alquiler,"Casa en Alquiler de 4 dormitorios con  Garage en Punta Carretas, Montevideo",,Punta Carretas,USD,3900,,4,2,320
Casasymas,alquiler,https://www.casasymas.com.uy/propiedad/284093-apartamento-en-alquiler-de-1-dormitorio-con-piscina-y-garage-en-punta-carretas-montevideo#alquiler,"Apartamento en Alquiler de 1 dormitorio con Piscina y Garage en Punta Carretas, Montevideo",,Punta Carretas,USD,1099,5800,1,1,46
Casasymas,alquiler,https://www.casasymas.com.uy/propiedad/292184-casa-en-alquiler-de-4-dormitorios-con-garage-en-parque-rodo-montevideo#alquiler,"Casa en Alquiler de 4 dormitorios con  Garage en Parque Rodó, Montevideo",,Parque Rodó,USD,2930,,4,3,215
Casasymas,alquiler,https://www.casasymas.com.uy/propiedad/291121-apartamento-en-alquiler-y-venta-de-2-dormitorios-con-garage-en-jardines-de-carrasco-montevideo#alquiler,"Apartamento en Alquiler y Venta de 2 dormitorios con  Garage en Jardines de Carrasco, Montevideo",,Jardines de Carrasco,USD,1900,15500,2,2,169
Casasymas,alquiler,https://www.casasymas.com.uy/propiedad/296733-alquiler-con-muebles-2-dormitorios-2-banos-terraza-con-parrillero-estufa-a-lena-y-vista-a-jardines#alquiler,Alquiler con Muebles 2 dormitorios  2 baños terraza con parrillero estufa a leña y vista a jardines,,Carrasco,USD,2300,20000,2,2,115
Casasymas,alquiler,https://www.casasymas.com.uy/propiedad/285281-casa-en-alquiler-de-4-dormitorios-en-carrasco-montevideo#alquiler,"Casa en Alquiler de 4 dormitorios  en Carrasco, Montevideo",,Carrasco,USD,4000,,4,5,600
Casasymas,alquiler,https://www.casasymas.com.uy/propiedad/256169-alquiler-casa-dos-dormitorios-con-jardin-propio-y-cochera-en-carrasco-norte-ph-a-estrenar#alquiler,Alquiler casa dos dormitorios con jardín propio y cochera en Carrasco Norte PH a estrenar,,Carrasco Norte,USD,1221,3200,2,2,82
Casasymas,alquiler,https://www.casasymas.com.uy/propiedad/291839-alquiler-apartamento-con-vista-al-mar-3-dormitorios-servicio-y-garaje-sobre-rambla-de-pocitos#alquiler,Alquiler apartamento con vista al mar 3 dormitorios  servicio y garaje sobre Rambla de Pocitos,,Pocitos,USD,1661,27000,3,3,148
Casasymas,alquiler,https://www.casasymas.com.uy/propiedad/265783-apartamento-en-alquiler-de-2-dormitorios-con-garage-en-puerto-del-buceo-montevideo#alquiler,"Apartamento en Alquiler de 2 dormitorios con  Garage en Puerto del Buceo, Montevideo",,Puerto del Buceo,USD,1600,21000,2,2,98
Casasymas,alquiler,https://www.casasymas.com.uy/propiedad/283892-apartamento-en-alquiler-de-1-dormitorio-con-garage-en-pocitos-montevideo#alquiler,"Apartamento en Alquiler de 1 dormitorio con  Garage en Pocitos, Montevideo",,Pocitos,USD,781,7900,1,1,48
Casasymas,alquiler,https://www.casasymas.com.uy/propiedad/267072-apartamento-en-alquiler-de-1-dormitorio-en-cordon-montevideo#alquiler,"Apartamento en Alquiler de 1 dormitorio  en Cordón, Montevideo",,Cordón,USD,659,3400,1,,40
Casasymas,alquiler,https://www.casasymas.com.uy/propiedad/94334-apartamento-en-alquiler-monoambiente-en-punta-carretas-montevideo#alquiler,"Apartamento en Alquiler Monoambiente  en Punta Carretas, Montevideo",,Desde,USD,850,,0,1,50
Casasymas,alquiler,https://www.casasymas.com.uy/propiedad/253550-local-en-alquiler-y-venta-en-centro-montevideo#alquiler,"Local en Alquiler y Venta  en Centro, Montevideo",,Centro,USD,977,9000,,2,273
Casasymas,alquiler,https://www.casasymas.com.uy/propiedad/279791-apartamento-en-alquiler-de-1-dormitorio-en-barrio-sur-montevideo#alquiler,"Apartamento en Alquiler de 1 dormitorio  en Barrio Sur, Montevideo",,Barrio Sur,USD,659,4000,1,1,48
Casasymas,alquiler,https://www.casasymas.com.uy/propiedad/266332-cosmos-loft-alquiler-c-gge-fijo-en-puerto-buceo#alquiler,Cosmos Loft alquiler c/ Gge fijo en Puerto Buceo,,Puerto del Buceo,USD,1200,8000,1,1,49
Casasymas,alquiler,https://www.casasymas.com.uy/propiedad/283514-casa-en-alquiler-de-6-dormitorios-con-piscina-en-carrasco-montevideo#alquiler,"Casa en Alquiler de 6 dormitorios con  Piscina en Carrasco, Montevideo",,Carrasco,USD,6300,,6,6,
Casasymas,alquiler,https://www.casasymas.com.uy/propiedad/289025-venta-casa-3-dormitorios-3-banos-piscina-en-carrasco-norte#alquiler,VENTA CASA 3 dormitorios 3 baños piscina en Carrasco Norte,,Carrasco Norte,USD,2442,,3,3,679
Casasymas,alquiler,https://www.casasymas.com.uy/propiedad/285953-venta-gran-apartamento-frente-al-puerto-del-buceo#alquiler,Venta Gran apartamento frente al Puerto del Buceo.,,Puerto del Buceo,USD,5500,37000,3,4,250
Casasymas,alquiler,https://www.casasymas.com.uy/propiedad/294769-apartamento-en-alquiler-de-2-dormitorios-con-garage-en-malvin-montevideo#alquiler,"Apartamento en Alquiler de 2 dormitorios con  Garage en Malvín, Montevideo",,Malvín,USD,1441,15300,2,2,99
Casasymas,alquiler,https://www.casasymas.com.uy/propiedad/272894-alquiler-apartamento-un-dormitorio-con-garaje-a-estrenar-domus-punta-carretas-con-amenities#alquiler,Alquiler apartamento un dormitorio con garaje  a estrenar DOMUS Punta Carretas con amenities,,Punta Carretas,USD,1400,5000,1,1,42
Casasymas,alquiler,https://www.casasymas.com.uy/propiedad/249235-local-en-alquiler-en-pocitos-nuevo-montevideo#alquiler,"Local en Alquiler  en Pocitos Nuevo, Montevideo",,Pocitos Nuevo,USD,11477,,,5,260
Casasymas,alquiler,https://www.casasymas.com.uy/propiedad/293976-apartamento-en-alquiler-de-1-dormitorio-zona-cordon#alquiler,"Apartamento en alquiler de 1 dormitorio, zona Cordon",,Cordón,USD,632,,1,1,51
Casasymas,alquiler,https://www.casasymas.com.uy/propiedad/252637-casa-en-alquiler-y-venta-de-4-dormitorios-con-piscina-en-carrasco-sur-montevideo#alquiler,"Casa en Alquiler y Venta de 4 dormitorios con  Piscina en Carrasco Sur, Montevideo",,Carrasco Sur,USD,4000,,4,3,680
Casasymas,alquiler,https://www.casasymas.com.uy/propiedad/289670-apartamento-en-alquiler-monoambiente-en-pocitos-nuevo-montevideo#alquiler,"Apartamento en Alquiler Monoambiente  en Pocitos Nuevo, Montevideo",,Pocitos Nuevo,USD,574,3800,0,1,29
Casasymas,alquiler,https://www.casasymas.com.uy/propiedad/289669-apartamento-en-alquiler-monoambiente-en-buceo-montevideo#alquiler,"Apartamento en Alquiler Monoambiente  en Buceo, Montevideo",,Buceo,USD,574,3800,0,1,29
Casasymas,alquiler,https://www.casasymas.com.uy/propiedad/286983-alquiler-apartamento-monoambiente-en-pocitos-montevideo#alquiler,"Alquiler Apartamento monoambiente en Pocitos, Montevideo",,Pocitos,USD,535,2700,0,1,30
Casasymas,alquiler,https://www.casasymas.com.uy/propiedad/267044-apartamento-en-alquiler-de-1-dormitorio-con-piscina-y-garage-en-puerto-del-buceo-montevideo#alquiler,"Apartamento en Alquiler de 1 dormitorio con Piscina y Garage en Puerto del Buceo, Montevideo",,Puerto del Buceo,USD,1400,12000,1,1,68
Casasymas,alquiler,https://www.casasymas.com.uy/propiedad/286446-apartamento-en-alquiler-monoambiente-en-cordon-montevideo#alquiler,"Apartamento en Alquiler Monoambiente  en Cordón, Montevideo",,Cordón,USD,488,3300,0,1,32
Casasymas,alquiler,https://www.casasymas.com.uy/propiedad/293985-apartamento-en-alquiler-de-1-dormitorio-en-cordon-montevideo#alquiler,"Apartamento en Alquiler de 1 dormitorio  en Cordón, Montevideo",,Cordón,USD,611,3500,1,1,37
Casasymas,alquiler,https://www.casasymas.com.uy/propiedad/286603-apartamento-en-alquiler-de-2-dormitorios-con-piscina-y-garage-en-carrasco-montevideo#alquiler,"Apartamento en Alquiler de 2 dormitorios con Piscina y Garage en Carrasco, Montevideo",,Carrasco,USD,2100,10000,2,3,108
Casasymas,alquiler,https://www.casasymas.com.uy/propiedad/284343-apartamento-en-alquiler-de-2-dormitorios-con-piscina-y-garage-en-carrasco-norte-montevideo#alquiler,"Apartamento en Alquiler de 2 dormitorios con Piscina y Garage en Carrasco Norte, Montevideo",,Carrasco Norte,USD,1783,15000,2,2,134
Casasymas,alquiler,https://www.casasymas.com.uy/propiedad/253629-apartamento-en-alquiler-de-2-dormitorios-en-barrio-sur-montevideo#alquiler,"Apartamento en Alquiler de 2 dormitorios  en Barrio Sur, Montevideo",,Barrio Sur,USD,867,5000,2,1,69
Casasymas,alquiler,https://www.casasymas.com.uy/propiedad/182530-apartamento-en-alquiler-de-3-dormitorios-en-punta-carretas-montevideo#alquiler,"Apartamento en Alquiler de 3 dormitorios  en Punta Carretas, Montevideo",,Punta Carretas,USD,2300,40000,3,4,220
Casasymas,alquiler,https://www.casasymas.com.uy/propiedad/289499-alquiler-apartamento-1-dormitorio-a-estrenar-en-carrasco-amenities#alquiler,Alquiler Apartamento 1 Dormitorio a Estrenar en Carrasco | Amenities,,Carrasco,USD,1200,12000,1,1,82
Casasymas,alquiler,https://www.casasymas.com.uy/propiedad/284182-alquiler-apartamento-amueblado-dos-dormitorios-en-punta-carretas#alquiler,Alquiler apartamento amueblado dos dormitorios en Punta Carretas,,Punta Carretas,USD,1690,14500,2,2,70
Casasymas,alquiler,https://www.casasymas.com.uy/propiedad/276601-apartamento-en-alquiler-2-dormitorios-en-carrasco-boating#alquiler,Apartamento en Alquiler 2 Dormitorios en Carrasco Boating,,Carrasco,USD,1950,16665,2,3,105
Casasymas,alquiler,https://www.casasymas.com.uy/propiedad/285754-casa-en-alquiler-de-3-dormitorios-y-escritorio-en-carrasco#alquiler,Casa en alquiler de 3 dormitorios y escritorio en Carrasco,,Carrasco,USD,2500,,3,3,153
Casasymas,alquiler,https://www.casasymas.com.uy/propiedad/282363-casa-en-alquiler-y-venta-de-6-dormitorios-con-piscina-en-barrio-sur-montevideo#alquiler,"Casa en Alquiler y Venta de 6 dormitorios con  Piscina en Barrio Sur, Montevideo",,Barrio Sur,USD,4000,,6,6,4.700
Casasymas,alquiler,https://www.casasymas.com.uy/propiedad/289654-apartamento-en-alquiler-de-1-dormitorio-con-garage-en-la-blanqueada-montevideo#alquiler,"Apartamento en Alquiler de 1 dormitorio con  Garage en La Blanqueada, Montevideo",,La Blanqueada,USD,706,4200,1,1,38
Casasymas,alquiler,https://www.casasymas.com.uy/propiedad/254285-excelente-oficina-en-edificio-barreiro-ramos-con-garaje-ciudad-vieja#alquiler,EXCELENTE Oficina en Edificio Barreiro Ramos con garaje | Ciudad Vieja,,Ciudad Vieja,USD,690,10000,,1,66
Casasymas,alquiler,https://www.casasymas.com.uy/propiedad/283016-alquiler-apartamento-carrasco-3-dormitorios#alquiler,Alquiler Apartamento Carrasco  3 dormitorios,,Carrasco,USD,2900,25745,3,2,150
Casasymas,alquiler,https://www.casasymas.com.uy/propiedad/113307-apartamento-en-alquiler-de-1-dormitorio-con-garage-en-pocitos-nuevo-montevideo#alquiler,"Apartamento en Alquiler de 1 dormitorio con  Garage en Pocitos Nuevo, Montevideo",,Desde,USD,1300,,1,1,40
Casasymas,alquiler,https://www.casasymas.com.uy/propiedad/282300-casa-en-alquiler-de-4-dormitorios-en-la-mejor-zona-de-carrasco-sur#alquiler,Casa en alquiler de  4 dormitorios en la mejor zona de Carrasco Sur,,Carrasco,USD,5500,,4,4,888
Casasymas,alquiler,https://www.casasymas.com.uy/propiedad/274052-casa-en-alquiler-de-3-dormitorios-en-carrasco-sur-zona-woodlands#alquiler,Casa en alquiler de 3 dormitorios en Carrasco Sur zona Woodlands,,Carrasco,USD,2500,,3,3,300
Casasymas,alquiler,https://www.casasymas.com.uy/propiedad/284279-casa-en-alquiler-de-4-dormitorios-con-piscina-en-carrasco-montevideo#alquiler,"Casa en Alquiler de 4 dormitorios con  Piscina en Carrasco, Montevideo",,Carrasco,USD,6000,,4,4,650
Casasymas,alquiler,https://www.casasymas.com.uy/propiedad/264712-oficina-en-alquiler-de-6-ambientes-en-cordon-montevideo#alquiler,"Oficina en Alquiler de 6 ambientes  en Cordón, Montevideo",,Cordón,USD,4200,,,3,275
Casasymas,alquiler,https://www.casasymas.com.uy/propiedad/287526-alquiler-oficina-carrasco-ref-2280#alquiler,Alquiler oficina Carrasco - Ref 2280,,Carrasco,USD,2500,230,,2,85
Casasymas,alquiler,https://www.casasymas.com.uy/propiedad/282183-local-en-alquiler-de-3-dormitorios-con-garage-en-carrasco-montevideo#alquiler,"Local en Alquiler de 3 dormitorios con  Garage en Carrasco, Montevideo",,Carrasco,USD,2680,11000,,2,98
Casasymas,alquiler,https://www.casasymas.com.uy/propiedad/274985-oficina-en-alquiler-de-2-ambientes-con-garage-en-carrasco-montevideo#alquiler,"Oficina en Alquiler de 2 ambientes con  Garage en Carrasco, Montevideo",,Carrasco,USD,1500,7300,,1,52
Casasymas,alquiler,https://www.casasymas.com.uy/propiedad/178959-oficina-en-alquiler-en-ciudad-vieja-montevideo#alquiler,"Oficina en Alquiler  en Ciudad Vieja, Montevideo",,Ciudad Vieja,USD,366,10000,,1,50
Casasymas,alquiler,https://www.casasymas.com.uy/propiedad/265945-venta-y-alquiler-casa-ph-3-dormitorios-barbacoa-en-jardines-de-carrasco-ref-709#alquiler,Venta y Alquiler casa Ph 3 dormitorios + barbacoa en Jardines de Carrasco - Ref 709,,Jardines de Carrasco,USD,3800,,3,3,230
Casasymas,alquiler,https://www.casasymas.com.uy/propiedad/272212-oficina-en-alquiler-de-3-ambientes-con-garage-en-carrasco-montevideo#alquiler,"Oficina en Alquiler de 3 ambientes con  Garage en Carrasco, Montevideo",,Carrasco,USD,2680,11000,,2,98
Casasymas,alquiler,https://www.casasymas.com.uy/propiedad/255018-carrasco-sur-zona-blanes-viale#alquiler,Carrasco sur zona Blanes Viale,,Carrasco,USD,8700,,4,5,1.084
Casasymas,alquiler,https://www.casasymas.com.uy/propiedad/249234-alquiler-de-oficina-en-carrasco-montevideo#alquiler,"Alquiler de Oficina en Carrasco, Montevideo",,Carrasco,USD,611,2000,,2,13
Casasymas,alquiler,https://www.casasymas.com.uy/propiedad/225548-casa-en-alquiler-y-venta-de-5-dormitorios-en-montevideo-montevideo#alquiler,"Casa en Alquiler y Venta de 5 dormitorios  en Montevideo, Montevideo",,Montevideo,USD,8800,,5,5,350
Casasymas,alquiler,https://www.casasymas.com.uy/propiedad/155133-local-en-alquiler-y-venta-en-cordon-montevideo#alquiler,"Local en Alquiler y Venta  en Cordón, Montevideo",,Cordón,USD,6500,,,,849
Casasymas,alquiler,https://www.casasymas.com.uy/propiedad/212558-alquiler-venta-casa-carrasco-sur-proximo-rambla#alquiler,Alquiler / Venta Casa Carrasco Sur Próximo Rambla,,Carrasco,USD,10000,,6,5,527
Casasymas,alquiler,https://www.casasymas.com.uy/propiedad/223103-apartamento-en-alquiler-de-2-dormitorios-con-garage-en-carrasco-montevideo#alquiler,"Apartamento en Alquiler de 2 dormitorios con  Garage en Carrasco, Montevideo",,Carrasco,USD,3000,,2,3,150
Casasymas,alquiler,https://www.casasymas.com.uy/propiedad/207172-venta-alquiler-apartamento-carrasco-rambla#alquiler,Venta Alquiler Apartamento Carrasco Rambla,,Carrasco,USD,5500,,3,5,328
Casasymas,alquiler,https://www.casasymas.com.uy/propiedad/205264-alquiler-local-oficina-en-world-trade-center#alquiler,Alquiler Local / Oficina en World Trade Center,,Puerto del Buceo,USD,12000,92000,,,646
Casasymas,alquiler,https://www.casasymas.com.uy/propiedad/226835-apartamento-en-alquiler-sobre-la-rambla-de-carrasco#alquiler,Apartamento en alquiler sobre la Rambla de Carrasco,,Carrasco,USD,5500,65000,3,4,267
Casasymas,alquiler,https://www.casasymas.com.uy/propiedad/212206-apartamento-en-alquiler-de-2-dormitorios-en-parques-barrio-jardin-montevideo#alquiler,"Apartamento en Alquiler de 2 dormitorios  en Parques Barrio Jardín, Montevideo",,Parques Barrio Jardín,USD,3400,,2,,
Casasymas,alquiler,https://www.casasymas.com.uy/propiedad/205259-oficina-en-alquiler-en-ciudad-vieja#alquiler,Oficina en Alquiler en Ciudad Vieja,,Ciudad Vieja,USD,1300,,,,168
Casasymas,alquiler,https://www.casasymas.com.uy/propiedad/296726-blanqueada-alquiler-apartamento-1-dormitorio-con-patio-exclusivo-campana-y-roletti-003#alquiler,Blanqueada Alquiler apartamento 1 dormitorio con patio exclusivo Campana y Roletti 003,,La Blanqueada,USD,452,600,1,1,45
Casasymas,alquiler,https://www.casasymas.com.uy/propiedad/277565-reservada-casa-en-alquiler-en-buceo#alquiler,RESERVADA Casa en alquiler en Buceo,,Buceo,USD,781,,2,1,58
Casasymas,alquiler,https://www.casasymas.com.uy/propiedad/270410-apartamento-en-alquiler-de-3-dormitorios-con-garage-en-centro-montevideo#alquiler,"Apartamento en Alquiler de 3 dormitorios con  Garage en Centro, Montevideo",,Centro,USD,952,2630,3,2,146
Casasymas,alquiler,https://www.casasymas.com.uy/propiedad/296187-baldovino-alquila-casa-juan-ramon-gomez-2513-tres-cruces#alquiler,Baldovino - Alquila casa Juan Ramon Gómez 2513 - Tres Cruces,,Tres Cruces,USD,464,1600,1,1,25
Casasymas,alquiler,https://www.casasymas.com.uy/propiedad/286469-apartamento-en-alquiler-de-3-dormitorios-con-garage-en-pocitos-montevideo#alquiler,"Apartamento en Alquiler de 3 dormitorios con  Garage en Pocitos, Montevideo",,Pocitos,USD,1685,12000,3,2,
Casasymas,alquiler,https://www.casasymas.com.uy/propiedad/295291-apartamento-en-alquiler-de-2-dormitorios-en-cordon-sur-montevideo#alquiler,"Apartamento en Alquiler de 2 dormitorios  en Cordón Sur, Montevideo",,Cordón Sur,USD,855,3000,2,1,89
Casasymas,alquiler,https://www.casasymas.com.uy/propiedad/283968-apartamento-en-alquiler-de-1-dormitorio-en-centro-montevideo#alquiler,"Apartamento en Alquiler de 1 dormitorio  en Centro, Montevideo",,Centro,USD,574,3500,1,1,37
Casasymas,alquiler,https://www.casasymas.com.uy/propiedad/292918-apartamento-en-alquiler-en-conciliacion#alquiler,Apartamento en alquiler en Conciliación,,Conciliación,USD,374,,1,1,40
Casasymas,alquiler,https://www.casasymas.com.uy/propiedad/296399-casa-en-alquiler-de-1-dormitorio-en-manga-montevideo#alquiler,"Casa en Alquiler de 1 dormitorio  en Manga, Montevideo",,Manga,USD,269,800,1,125,25
Casasymas,alquiler,https://www.casasymas.com.uy/propiedad/296888-apartamento-en-alquiler-c-cochera-en-parque-rodo#alquiler,Apartamento en alquiler c/ cochera en Parque Rodó,,Parque Rodó,USD,684,4000,1,1,30
Casasymas,alquiler,https://www.casasymas.com.uy/propiedad/293584-casa-en-alquiler-de-2-dormitorios-en-la-comercial-montevideo#alquiler,"Casa en Alquiler de 2 dormitorios  en La Comercial, Montevideo",,La Comercial,USD,562,,2,1,65
Casasymas,alquiler,https://www.casasymas.com.uy/propiedad/291713-apartamento-en-alquiler-de-2-dormitorios-en-la-blanqueada-montevideo#alquiler,"Apartamento en Alquiler de 2 dormitorios  en La Blanqueada, Montevideo",,La Blanqueada,USD,659,6600,2,1,55
Casasymas,alquiler,https://www.casasymas.com.uy/propiedad/297014-apartamento-en-alquiler-de-1-dormitorio-en-centro-montevideo#alquiler,"Apartamento en Alquiler de 1 dormitorio  en Centro, Montevideo",,Centro,USD,635,4500,1,1,40
Casasymas,alquiler,https://www.casasymas.com.uy/propiedad/295543-alquiler-apto-3-dom-3-banos-parrillero-patio-y-cocheras-a-estrenar-en-carrasco#alquiler,"Alquiler Apto 3 dom 3 baños, parrillero, patio y cocheras a estrenar en Carrasco",,Carrasco Este,USD,1709,,3,3,170
Casasymas,alquiler,https://www.casasymas.com.uy/propiedad/292457-apartamento-en-alquiler-c-cochera-en-parque-rodo#alquiler,Apartamento en alquiler c/ cochera en Parque Rodó,,Parque Rodó,USD,1172,10500,3,2,73
Casasymas,alquiler,https://www.casasymas.com.uy/propiedad/284173-apartamento-en-alquiler-monoambiente-en-tres-cruces-montevideo#alquiler,"Apartamento en Alquiler Monoambiente  en Tres Cruces, Montevideo",,Tres Cruces,USD,476,4964,0,1,59
Casasymas,alquiler,https://www.casasymas.com.uy/propiedad/287364-apartamento-en-alquiler-de-1-dormitorio-en-tres-cruces-montevideo#alquiler,"Apartamento en Alquiler de 1 dormitorio  en Tres Cruces, Montevideo",,Tres Cruces,USD,513,1800,1,1,
Casasymas,alquiler,https://www.casasymas.com.uy/propiedad/298280-apartamento-en-alquiler-de-1-dormitorio-en-cordon-montevideo#alquiler,"Apartamento en Alquiler de 1 dormitorio  en Cordón, Montevideo",,Cordón,USD,623,3500,1,1,48
Casasymas,alquiler,https://www.casasymas.com.uy/propiedad/297591-oficina-en-alquiler-ubicado-en-ciudad-vieja#alquiler,Oficina en alquiler ubicado en Ciudad Vieja,,Ciudad Vieja,USD,684,12000,,2,97
Casasymas,alquiler,https://www.casasymas.com.uy/propiedad/295672-apartamento-en-alquiler-de-1-dormitorio-con-garage-en-tres-cruces-montevideo#alquiler,"Apartamento en Alquiler de 1 dormitorio con  Garage en Tres Cruces, Montevideo",,Tres Cruces,USD,635,7259,1,1,43
Casasymas,alquiler,https://www.casasymas.com.uy/propiedad/293265-apartamento-en-alquiler-monoambiente-en-parque-batlle-montevideo#alquiler,"Apartamento en Alquiler Monoambiente  en Parque Batlle, Montevideo",,Parque Batlle,USD,535,4207,0,1,35
Casasymas,alquiler,https://www.casasymas.com.uy/propiedad/298274-apartamento-en-alquiler-de-1-dormitorio-en-cordon-montevideo#alquiler,"Apartamento en Alquiler de 1 dormitorio  en Cordón, Montevideo",,Cordón,USD,623,3500,1,1,48
Casasymas,alquiler,https://www.casasymas.com.uy/propiedad/297218-apartamento-en-alquiler-de-1-dormitorio-en-malvin-montevideo#alquiler,"Apartamento en Alquiler de 1 dormitorio  en Malvín, Montevideo",,Malvín,USD,476,2400,1,1,35
Casasymas,alquiler,https://www.casasymas.com.uy/propiedad/292894-apartamento-en-alquiler-de-2-dormitorios-en-punta-carretas-montevideo#alquiler,"Apartamento en Alquiler de 2 dormitorios  en Punta Carretas, Montevideo",,Punta Carretas,USD,1368,15000,2,2,75
Casasymas,alquiler,https://www.casasymas.com.uy/propiedad/294118-apartamento-en-alquiler-de-3-dormitorios-con-garage-en-pocitos-montevideo#alquiler,"Apartamento en Alquiler de 3 dormitorios con  Garage en Pocitos, Montevideo",,Pocitos,USD,1600,18000,3,3,
Casasymas,alquiler,https://www.casasymas.com.uy/propiedad/294732-apartamento-en-alquiler-monoambiente-con-garage-en-ciudad-vieja-montevideo#alquiler,"Apartamento en Alquiler Monoambiente con  Garage en Ciudad Vieja, Montevideo",,Ciudad Vieja,USD,611,3000,0,1,26
Casasymas,alquiler,https://www.casasymas.com.uy/propiedad/297219-apartamento-en-alquiler-de-1-dormitorio-en-centro-montevideo#alquiler,"Apartamento en Alquiler de 1 dormitorio  en Centro, Montevideo",,Centro,USD,708,5500,1,1,83
Casasymas,alquiler,https://www.casasymas.com.uy/propiedad/273624-apartamento-en-alquiler-de-2-dormitorios-en-brazo-oriental-montevideo#alquiler,"Apartamento en Alquiler de 2 dormitorios  en Brazo Oriental, Montevideo",,Brazo Oriental,USD,696,6000,2,1,46
Casasymas,alquiler,https://www.casasymas.com.uy/propiedad/292439-apartamento-en-alquiler-de-1-dormitorio-en-pocitos-montevideo#alquiler,"Apartamento en Alquiler de 1 dormitorio  en Pocitos, Montevideo",,Pocitos,USD,904,6569,1,1,50
Casasymas,alquiler,https://www.casasymas.com.uy/propiedad/296662-apartamento-en-alquiler-de-3-dormitorios-con-piscina-en-golf-montevideo#alquiler,"Apartamento en Alquiler de 3 dormitorios con  Piscina en Golf, Montevideo",,Golf,USD,3200,40000,3,4,200
Casasymas,alquiler,https://www.casasymas.com.uy/propiedad/289208-apartamento-en-alquiler-de-1-dormitorio-en-punta-carretas-montevideo#alquiler,"Apartamento en Alquiler de 1 dormitorio  en Punta Carretas, Montevideo",,Punta Carretas,USD,879,7498,1,1,50
Casasymas,alquiler,https://www.casasymas.com.uy/propiedad/294233-apartamento-en-alquiler-de-3-dormitorios-en-puerto-del-buceo-montevideo#alquiler,"Apartamento en Alquiler de 3 dormitorios  en Puerto del Buceo, Montevideo",,Puerto del Buceo,USD,1800,20400,3,2,66
Casasymas,alquiler,https://www.casasymas.com.uy/propiedad/296199-casa-en-alquiler-de-4-dormitorios-con-garage-en-montevideo#alquiler,"Casa en Alquiler de 4 dormitorios con  Garage en , Montevideo",,,USD,1587,,4,1,75
Casasymas,alquiler,https://www.casasymas.com.uy/propiedad/292599-local-en-alquiler-en-tres-cruces-montevideo#alquiler,"Local en Alquiler  en Tres Cruces, Montevideo",,Tres Cruces,USD,2564,,,2,338
Casasymas,alquiler,https://www.casasymas.com.uy/propiedad/293843-apartamento-en-alquiler-de-2-dormitorios-en-montevideo#alquiler,"Apartamento en Alquiler de 2 dormitorios  en , Montevideo",,,USD,757,,2,1,
Casasymas,alquiler,https://www.casasymas.com.uy/propiedad/297602-apartamento-en-alquiler-de-2-dormitorios-en-la-blanqueada-montevideo#alquiler,"Apartamento en Alquiler de 2 dormitorios  en La Blanqueada, Montevideo",,La Blanqueada,USD,623,3500,2,1,50
Casasymas,alquiler,https://www.casasymas.com.uy/propiedad/294483-apartamento-en-alquiler-de-1-dormitorio-en-parque-batlle-montevideo#alquiler,"Apartamento en Alquiler de 1 dormitorio  en Parque Batlle, Montevideo",,Parque Batlle,USD,611,1800,1,1,43
Casasymas,alquiler,https://www.casasymas.com.uy/propiedad/239901-casa-en-alquiler-de-2-dormitorios-en-tres-cruces-montevideo#alquiler,"Casa en Alquiler de 2 dormitorios  en Tres Cruces, Montevideo",,Tres Cruces,USD,830,,2,1,
Casasymas,alquiler,https://www.casasymas.com.uy/propiedad/291785-oficina-en-alquiler-en-pocitos-nuevo-montevideo#alquiler,"Oficina en Alquiler  en Pocitos Nuevo, Montevideo",,Pocitos Nuevo,USD,1343,9400,,1,80
Casasymas,alquiler,https://www.casasymas.com.uy/propiedad/291175-local-en-alquiler-en-punta-carretas-montevideo#alquiler,"Local en Alquiler  en Punta Carretas, Montevideo",,Punta Carretas,USD,3175,,,,100
Casasymas,alquiler,https://www.casasymas.com.uy/propiedad/298198-apartamento-en-alquiler-de-1-dormitorio-con-garage-en-cordon-montevideo#alquiler,"Apartamento en Alquiler de 1 dormitorio con  Garage en Cordón, Montevideo",,Cordón,USD,684,3500,1,1,47
Casasymas,alquiler,https://www.casasymas.com.uy/propiedad/287358-apartamento-en-alquiler-de-1-dormitorio-en-ciudad-vieja-montevideo#alquiler,"Apartamento en Alquiler de 1 dormitorio  en Ciudad Vieja, Montevideo",,Ciudad Vieja,USD,757,2000,1,2,
Casasymas,alquiler,https://www.casasymas.com.uy/propiedad/291833-apartamento-en-alquiler-de-2-dormitorios-en-punta-carretas-montevideo#alquiler,"Apartamento en Alquiler de 2 dormitorios  en Punta Carretas, Montevideo",,Punta Carretas,USD,855,6800,2,1,75
Casasymas,alquiler,https://www.casasymas.com.uy/propiedad/286850-apartamento-en-alquiler-de-1-dormitorio-en-cordon-montevideo#alquiler,"Apartamento en Alquiler de 1 dormitorio  en Cordón, Montevideo",,Cordón,USD,916,4500,1,1,47
Casasymas,alquiler,https://www.casasymas.com.uy/propiedad/289103-apartamento-en-alquiler-de-1-dormitorio-con-garage-en-la-blanqueada-montevideo#alquiler,"Apartamento en Alquiler de 1 dormitorio con  Garage en La Blanqueada, Montevideo",,La Blanqueada,USD,659,4500,1,1,2
Casasymas,alquiler,https://www.casasymas.com.uy/propiedad/288838-apartamento-en-alquiler-de-1-dormitorio-con-garage-en-pocitos-montevideo#alquiler,"Apartamento en Alquiler de 1 dormitorio con  Garage en Pocitos, Montevideo",,Pocitos,USD,904,6000,1,1,40
Casasymas,alquiler,https://www.casasymas.com.uy/propiedad/289798-apartamento-en-alquiler-de-1-dormitorio-con-garage-en-cordon-montevideo#alquiler,"Apartamento en Alquiler de 1 dormitorio con  Garage en Cordón, Montevideo",,Cordón,USD,672,5700,1,1,42
Casasymas,alquiler,https://www.casasymas.com.uy/propiedad/294415-apartamento-en-alquiler-monoambiente-en-centro-montevideo#alquiler,"Apartamento en Alquiler Monoambiente  en Centro, Montevideo",,Centro,USD,435,,0,1,28
Casasymas,alquiler,https://www.casasymas.com.uy/propiedad/289799-apartamento-en-alquiler-de-1-dormitorio-en-montevideo#alquiler,"Apartamento en Alquiler de 1 dormitorio  en , Montevideo",,,USD,1,4000,1,1,40
Casasymas,alquiler,https://www.casasymas.com.uy/propiedad/296141-alquiler-casa-2-dormitorios-con-monoambiente-completo-al-fondo-y-patio#alquiler,Alquiler casa 2 dormitorios con monoambiente completo al fondo y patio,,Prado,USD,733,,2,1,70
Casasymas,alquiler,https://www.casasymas.com.uy/propiedad/283882-apartamento-en-alquiler-en-la-comercial#alquiler,Apartamento en alquiler en La Comercial,,La Comercial,USD,586,1200,1,1,51
Casasymas,alquiler,https://www.casasymas.com.uy/propiedad/290512-apartamento-en-alquiler-de-1-dormitorio-con-garage-en-tres-cruces-montevideo#alquiler,"Apartamento en Alquiler de 1 dormitorio con  Garage en Tres Cruces, Montevideo",,Tres Cruces,USD,611,6342,1,1,40
Casasymas,alquiler,https://www.casasymas.com.uy/propiedad/283717-apartamento-en-alquiler-de-2-dormitorios-en-cordon-sur-montevideo#alquiler,"Apartamento en Alquiler de 2 dormitorios  en Cordón Sur, Montevideo",,Cordón Sur,USD,672,,2,1,74
Casasymas,alquiler,https://www.casasymas.com.uy/propiedad/287244-casa-en-alquiler-de-2-dormitorios-en-carrasco-montevideo#alquiler,"Casa en Alquiler de 2 dormitorios  en Carrasco, Montevideo",,Carrasco,USD,1465,,2,1,165
Casasymas,alquiler,https://www.casasymas.com.uy/propiedad/286881-apartamento-en-alquiler-de-1-dormitorio-en-palermo-montevideo#alquiler,"Apartamento en Alquiler de 1 dormitorio  en Palermo, Montevideo",,Palermo,USD,654,,1,1,40
Casasymas,alquiler,https://www.casasymas.com.uy/propiedad/271313-apartamento-en-alquiler-de-2-dormitorios-en-tres-cruces-montevideo#alquiler,"Apartamento en Alquiler de 2 dormitorios  en Tres Cruces, Montevideo",,Tres Cruces,USD,598,6000,2,1,55
Casasymas,alquiler,https://www.casasymas.com.uy/propiedad/294347-apartamento-en-alquiler-de-3-dormitorios-en-cordon-montevideo#alquiler,"Apartamento en Alquiler de 3 dormitorios  en Cordón, Montevideo",,Cordón,USD,708,4000,3,2,82
Casasymas,alquiler,https://www.casasymas.com.uy/propiedad/295883-casa-en-alquiler-de-1-dormitorio-con-garage-en-cerrito-de-la-victoria-montevideo#alquiler,"Casa en Alquiler de 1 dormitorio con  Garage en Cerrito de la Victoria, Montevideo",,Cerrito de la Victoria,USD,427,1000,1,1,45
Casasymas,alquiler,https://www.casasymas.com.uy/propiedad/294361-apartamento-en-alquiler-de-2-dormitorios-en-union-montevideo#alquiler,"Apartamento en Alquiler de 2 dormitorios  en Unión, Montevideo",,Unión,USD,562,3500,2,1,65
Casasymas,alquiler,https://www.casasymas.com.uy/propiedad/297516-alquiler-moderno-apartamento-2-dorm-reducto#alquiler,Alquiler moderno apartamento 2 dorm. Reducto,,Reducto,USD,684,2000,2,,
Casasymas,alquiler,https://www.casasymas.com.uy/propiedad/292849-apartamento-en-alquiler-de-2-dormitorios-en-aguada-montevideo#alquiler,"Apartamento en Alquiler de 2 dormitorios  en Aguada, Montevideo",,Aguada,USD,632,7500,2,1,60
Casasymas,alquiler,https://www.casasymas.com.uy/propiedad/294754-alquiler-3-dorm-malvin-norte#alquiler,ALQUILER 3 DORM -MALVÍN NORTE,,Malvín Norte,USD,586,6000,3,1,77
Casasymas,alquiler,https://www.casasymas.com.uy/propiedad/294460-casa-en-alquiler-de-3-dormitorios-con-garage-en-cerro-montevideo#alquiler,"Casa en Alquiler de 3 dormitorios con  Garage en Cerro, Montevideo",,Cerro,USD,733,,3,2,100
Casasymas,alquiler,https://www.casasymas.com.uy/propiedad/293370-apartamento-en-alquiler-de-2-dormitorios-en-cordon-sur-montevideo#alquiler,"Apartamento en Alquiler de 2 dormitorios  en Cordón Sur, Montevideo",,Cordón Sur,USD,684,,2,1,50
Casasymas,alquiler,https://www.casasymas.com.uy/propiedad/295719-apartamento-en-alquiler-de-1-dormitorio-en-jacinto-vera-montevideo#alquiler,"Apartamento en Alquiler de 1 dormitorio  en Jacinto Vera, Montevideo",,Jacinto Vera,USD,562,3069,1,1,50
Casasymas,alquiler,https://www.casasymas.com.uy/propiedad/298212-oficina-en-alquiler-de-2-ambientes-en-centro-montevideo#alquiler,"Oficina en Alquiler de 2 ambientes  en Centro, Montevideo",,Centro,USD,562,4300,,1,38
Casasymas,alquiler,https://www.casasymas.com.uy/propiedad/298210-oficina-en-alquiler-de-2-ambientes-en-centro-montevideo#alquiler,"Oficina en Alquiler de 2 ambientes  en Centro, Montevideo",,Centro,USD,562,4300,,1,38
Casasymas,alquiler,https://www.casasymas.com.uy/propiedad/295879-apartamento-en-alquiler-de-1-dormitorio-en-union-montevideo#alquiler,"Apartamento en Alquiler de 1 dormitorio  en Unión, Montevideo",,Unión,USD,447,2000,1,1,42
Casasymas,alquiler,https://www.casasymas.com.uy/propiedad/267839-deposito-en-alquiler-en-montevideo-montevideo#alquiler,"Depósito en Alquiler  en Montevideo, Montevideo",,Montevideo,USD,2930,,0,10,600
Casasymas,alquiler,https://www.casasymas.com.uy/propiedad/294158-apartamento-en-alquiler-de-1-dormitorio-en-malvin-norte-montevideo#alquiler,"Apartamento en Alquiler de 1 dormitorio  en Malvín Norte, Montevideo",,Malvín Norte,USD,440,500,1,1,35
Casasymas,alquiler,https://www.casasymas.com.uy/propiedad/295899-apartamento-en-alquiler-de-3-dormitorios-en-pocitos-montevideo#alquiler,"Apartamento en Alquiler de 3 dormitorios  en Pocitos, Montevideo",,Pocitos,USD,65000,23950,3,3,130
Casasymas,alquiler,https://www.casasymas.com.uy/propiedad/294110-apartamento-en-alquiler-de-3-dormitorios-en-centro-montevideo#alquiler,"Apartamento en Alquiler de 3 dormitorios  en Centro, Montevideo",,Centro,USD,977,2500,3,3,65
Casasymas,alquiler,https://www.casasymas.com.uy/propiedad/297281-apartamento-en-alquiler-de-1-dormitorio-con-garage-en-maronas-montevideo#alquiler,"Apartamento en Alquiler de 1 dormitorio con  Garage en Maroñas, Montevideo",,Maroñas,USD,427,,1,1,40
Casasymas,alquiler,https://www.casasymas.com.uy/propiedad/292851-casa-en-alquiler-de-4-dormitorios-con-garage-en-carrasco-norte-montevideo#alquiler,"Casa en Alquiler de 4 dormitorios con  Garage en Carrasco Norte, Montevideo",,Carrasco Norte,USD,1258,6500,4,1,100
Casasymas,alquiler,https://www.casasymas.com.uy/propiedad/275468-apartamento-en-alquiler-de-1-dormitorio-en-pocitos-montevideo#alquiler,"Apartamento en Alquiler de 1 dormitorio  en Pocitos, Montevideo",,Pocitos,USD,488,,1,1,47
Casasymas,alquiler,https://www.casasymas.com.uy/propiedad/265086-galpon-en-alquiler-de-1800m2-ubicado-en-mercado-modelo#alquiler,Galpón en alquiler de 1800m2 ubicado en Mercado Modelo,,Centro,USD,3500,,0,3,1.800
Casasymas,alquiler,https://www.casasymas.com.uy/propiedad/296413-alquiler-en-prado-2-dormitorios-balcon-y-sin-gastos-comunes#alquiler,"Alquiler en Prado — 2 dormitorios, balcón y sin gastos comunes",,Prado,USD,586,,2,1,42
Casasymas,alquiler,https://www.casasymas.com.uy/propiedad/292866-apartamento-en-alquiler-de-1-dormitorio-en-capurro-montevideo#alquiler,"Apartamento en Alquiler de 1 dormitorio  en Capurro, Montevideo",,Capurro,USD,464,,1,1,60
Casasymas,alquiler,https://www.casasymas.com.uy/propiedad/297436-apartamento-en-alquiler-de-2-dormitorios-con-garage-en-tres-cruces-montevideo#alquiler,"Apartamento en Alquiler de 2 dormitorios con  Garage en Tres Cruces, Montevideo",,Tres Cruces,USD,36000,5500,2,1,51
Casasymas,alquiler,https://www.casasymas.com.uy/propiedad/268080-apartamento-en-alquiler-de-4-dormitorios-en-pocitos-montevideo#alquiler,"Apartamento en Alquiler de 4 dormitorios  en Pocitos, Montevideo",,Pocitos,USD,3500,70000,4,3,
Casasymas,alquiler,https://www.casasymas.com.uy/propiedad/270660-oficina-en-alquiler-en-curva-de-maronas-montevideo#alquiler,"Oficina en Alquiler  en Curva de Maroñas, Montevideo",,Curva de Maroñas,USD,1587,,,,
Casasymas,alquiler,https://www.casasymas.com.uy/propiedad/291726-apartamento-en-alquiler-monoambiente-en-centro-montevideo#alquiler,"Apartamento en Alquiler Monoambiente  en Centro, Montevideo",,Centro,USD,440,,0,1,25
Casasymas,alquiler,https://www.casasymas.com.uy/propiedad/289491-casa-en-alquiler-de-3-dormitorios-en-goes-montevideo#alquiler,"Casa en Alquiler de 3 dormitorios  en Goes, Montevideo",,Goes,USD,928,,3,1,130
Casasymas,alquiler,https://www.casasymas.com.uy/propiedad/292869-apartamento-en-alquiler-de-2-dormitorios-en-ciudad-vieja-montevideo#alquiler,"Apartamento en Alquiler de 2 dormitorios  en Ciudad Vieja, Montevideo",,Ciudad Vieja,USD,672,2500,2,1,50
Casasymas,alquiler,https://www.casasymas.com.uy/propiedad/290506-casa-2-dormitorios-con-patio-al-frente-y-al-fondo#alquiler,Casa 2 dormitorios con patio al frente y al fondo,,Brazo Oriental,USD,757,,2,1,65
Casasymas,alquiler,https://www.casasymas.com.uy/propiedad/260741-apartamento-en-alquiler-monoambiente-en-pocitos-montevideo#alquiler,"Apartamento en Alquiler Monoambiente  en Pocitos, Montevideo",,Pocitos,USD,464,3000,0,1,20
Casasymas,alquiler,https://www.casasymas.com.uy/propiedad/292848-apartamento-en-alquiler-de-2-dormitorios-en-centro-montevideo#alquiler,"Apartamento en Alquiler de 2 dormitorios  en Centro, Montevideo",,Centro,USD,696,9000,2,1,60
Casasymas,alquiler,https://www.casasymas.com.uy/propiedad/292781-alquiler-apartamento-1-dormitorio-carrasco-norte-con-cochera#alquiler,ALQUILER APARTAMENTO 1 DORMITORIO CARRASCO NORTE CON COCHERA,,Carrasco Norte,USD,1150,9000,1,1,58
Casasymas,alquiler,https://www.casasymas.com.uy/propiedad/296207-local-en-alquiler-en-maronas-montevideo#alquiler,"Local en Alquiler  en Maroñas, Montevideo",,Maroñas,USD,708,,,,150
Casasymas,alquiler,https://www.casasymas.com.uy/propiedad/292858-apartamento-en-alquiler-de-1-dormitorio-en-aguada-montevideo#alquiler,"Apartamento en Alquiler de 1 dormitorio  en Aguada, Montevideo",,Aguada,USD,684,4900,1,1,60
Casasymas,alquiler,https://www.casasymas.com.uy/propiedad/292864-apartamento-en-alquiler-de-1-dormitorio-con-garage-en-la-blanqueada-montevideo#alquiler,"Apartamento en Alquiler de 1 dormitorio con  Garage en La Blanqueada, Montevideo",,La Blanqueada,USD,635,5000,1,1,45
Casasymas,alquiler,https://www.casasymas.com.uy/propiedad/294839-apartamento-en-alquiler-de-1-dormitorio-en-brazo-oriental-montevideo#alquiler,"Apartamento en Alquiler de 1 dormitorio  en Brazo Oriental, Montevideo",,Brazo Oriental,USD,562,3069,1,1,50
Casasymas,alquiler,https://www.casasymas.com.uy/propiedad/292871-apartamento-en-alquiler-de-2-dormitorios-en-ciudad-vieja-montevideo#alquiler,"Apartamento en Alquiler de 2 dormitorios  en Ciudad Vieja, Montevideo",,Ciudad Vieja,USD,794,2900,2,1,50
Casasymas,alquiler,https://www.casasymas.com.uy/propiedad/292842-apartamento-en-alquiler-de-1-dormitorio-con-garage-en-punta-carretas-montevideo#alquiler,"Apartamento en Alquiler de 1 dormitorio con  Garage en Punta Carretas, Montevideo",,Punta Carretas,USD,1300,7000,1,1,70
Casasymas,alquiler,https://www.casasymas.com.uy/propiedad/292862-apartamento-en-alquiler-de-1-dormitorio-con-garage-en-atahualpa-montevideo#alquiler,"Apartamento en Alquiler de 1 dormitorio con  Garage en Atahualpa, Montevideo",,Atahualpa,USD,659,4234,1,1,1
Casasymas,alquiler,https://www.casasymas.com.uy/propiedad/294857-apartamento-en-alquiler-de-1-dormitorio-en-palermo-montevideo#alquiler,"Apartamento en Alquiler de 1 dormitorio  en Palermo, Montevideo",,Palermo,USD,635,,1,1,44
Casasymas,alquiler,https://www.casasymas.com.uy/propiedad/292855-apartamento-en-alquiler-monoambiente-en-centro-montevideo#alquiler,"Apartamento en Alquiler Monoambiente  en Centro, Montevideo",,Centro,USD,513,3000,0,1,36
Casasymas,alquiler,https://www.casasymas.com.uy/propiedad/292860-apartamento-en-alquiler-de-1-dormitorio-en-ciudad-vieja-montevideo#alquiler,"Apartamento en Alquiler de 1 dormitorio  en Ciudad Vieja, Montevideo",,Ciudad Vieja,USD,635,4500,1,1,41
Casasymas,alquiler,https://www.casasymas.com.uy/propiedad/292841-apartamento-en-alquiler-de-2-dormitorios-en-ciudad-vieja-montevideo#alquiler,"Apartamento en Alquiler de 2 dormitorios  en Ciudad Vieja, Montevideo",,Ciudad Vieja,USD,928,6000,2,1,80
Casasymas,alquiler,https://www.casasymas.com.uy/propiedad/295137-casa-en-alquiler-de-2-dormitorios-en-aguada-montevideo#alquiler,"Casa en Alquiler de 2 dormitorios  en Aguada, Montevideo",,Aguada,USD,659,2500,2,1,62
Casasymas,alquiler,https://www.casasymas.com.uy/propiedad/225730-alquiler-apartamento-en-cordon#alquiler,Alquiler Apartamento en Cordón,,Cordón,USD,415,3650,1,1,25
Casasymas,alquiler,https://www.casasymas.com.uy/propiedad/273623-apartamento-en-alquiler-de-2-dormitorios-en-parque-rodo-montevideo#alquiler,"Apartamento en Alquiler de 2 dormitorios  en Parque Rodó, Montevideo",,Parque Rodó,USD,708,,2,1,63
Casasymas,alquiler,https://www.casasymas.com.uy/propiedad/294547-apartamento-en-alquiler-de-2-dormitorios-con-piscina-y-garage-en-parques-barrio-jardin-montevideo#alquiler,"Apartamento en Alquiler de 2 dormitorios con Piscina y Garage en Parques Barrio Jardín, Montevideo",,Parques Barrio Jardín,USD,1700,11000,2,2,115
Casasymas,alquiler,https://www.casasymas.com.uy/propiedad/294527-local-en-alquiler-en-puerto-del-buceo-montevideo#alquiler,"Local en Alquiler  en Puerto del Buceo, Montevideo",,Puerto del Buceo,USD,3800,13467,,1,136
Casasymas,alquiler,https://www.casasymas.com.uy/propiedad/292873-apartamento-en-alquiler-de-2-dormitorios-en-ciudad-vieja-montevideo#alquiler,"Apartamento en Alquiler de 2 dormitorios  en Ciudad Vieja, Montevideo",,Ciudad Vieja,USD,928,6000,2,1,80
Casasymas,alquiler,https://www.casasymas.com.uy/propiedad/267140-deposito-en-alquiler-en-villa-espanola-montevideo#alquiler,"Depósito en Alquiler  en Villa Española, Montevideo",,Villa Española,USD,2686,,0,2,1.000
Casasymas,alquiler,https://www.casasymas.com.uy/propiedad/292857-oficina-en-alquiler-en-ciudad-vieja-montevideo#alquiler,"Oficina en Alquiler  en Ciudad Vieja, Montevideo",,Ciudad Vieja,USD,244,3500,,1,574
Casasymas,alquiler,https://www.casasymas.com.uy/propiedad/288386-apartamento-en-novus-parque-a-estrenar-3-dormitorios-garaje#alquiler,Apartamento en Novus Parque a Estrenar - 3 Dormitorios - Garaje,,San Nicolás,USD,2750,13000,3,3,119
Casasymas,alquiler,https://www.casasymas.com.uy/propiedad/292867-apartamento-en-alquiler-de-1-dormitorio-en-la-blanqueada-montevideo#alquiler,"Apartamento en Alquiler de 1 dormitorio  en La Blanqueada, Montevideo",,La Blanqueada,USD,659,5400,1,1,54
Casasymas,alquiler,https://www.casasymas.com.uy/propiedad/293524-apartamento-en-alquiler-de-1-dormitorio-en-cordon-montevideo#alquiler,"Apartamento en Alquiler de 1 dormitorio  en Cordón, Montevideo",,Cordón,USD,537,2000,1,1,40
Casasymas,alquiler,https://www.casasymas.com.uy/propiedad/265753-oficina-en-alquiler-en-barrio-sur-montevideo#alquiler,"Oficina en Alquiler  en Barrio Sur, Montevideo",,Barrio Sur,USD,476,5000,,1,44
Casasymas,alquiler,https://www.casasymas.com.uy/propiedad/293525-apartamento-en-alquiler-de-1-dormitorio-en-tres-cruces-montevideo#alquiler,"Apartamento en Alquiler de 1 dormitorio  en Tres Cruces, Montevideo",,Tres Cruces,USD,537,2000,1,1,40
Casasymas,alquiler,https://www.casasymas.com.uy/propiedad/287821-alquiler-apartamento-2-dormitorios-2-banos-garage-estrena-carrasco-norte#alquiler,ALQUILER APARTAMENTO 2 DORMITORIOS 2 BAÑOS GARAGE ESTRENA CARRASCO NORTE,,Carrasco Norte,USD,1600,13000,2,2,86
Casasymas,alquiler,https://www.casasymas.com.uy/propiedad/295035-traspaso-de-alquiler-apartamento-con-patio-frente-al-hospital-del-clinicas#alquiler,Traspaso De Alquiler Apartamento Con Patio frente al Hospital del Clinicas,,La Blanqueada,USD,537,3300,2,1,53
